MSCI RUSSIA VALUE,MSCI USA,MSCI JAPAN,MSCI UNITED KINGDOM,MSCI CHINA,MSCI FRANCE,MSCI CANADA,MSCI SWITZERLAND,MSCI GERMANY,MSCI AUSTRALIA,MSCI INDIA,MSCI TAIWAN,MSCI KOREA,MSCI NETHERLANDS,MSCI SWEDEN,MSCI DENMARK,MSCI HONG KONG,MSCI BRAZIL,MSCI ITALY,MSCI SPAIN,MSCI FINLAND,MSCI SOUTH AFRICA,MSCI SINGAPORE,MSCI MEXICO,MSCI ISRAEL,MSCI INDONESIA,MSCI THAILAND,MSCI MALAYSIA,MSCI BELGIUM,MSCI UNITED ARAB EMIRATES,MSCI NEW ZEALAND,MSCI PHILIPPINES,MSCI QATAR,MSCI CHILE,MSCI PORTUGAL,MSCI POLAND,MSCI IRELAND,MSCI Greece Rebased Index,MSCI KUWAIT,MSCI TURKEY,MSCI AUSTRIA,MSCI HUNGARY,MSCI EGYPT,MSCI COLOMBIA
,107.83574273107308,104.14883432847296,102.3299679179514,,106.40057450015856,111.96532220665584,100.97505618753058,105.1100242527152,109.62628189215684,,,,95.63468832485526,109.5070137991888,99.74562053306586,96.51729500557934,,97.98814598209964,101.64331128087096,114.09931366258613,,103.84430025193062,,,,,,100.112294884139,,113.6296209026158,,,,107.50343682163304,,105.1391435209702,118486.96717728573,,,97.21692614517274,,,
,108.41079498372596,105.38021166727222,108.21295098743803,,102.86116453368132,109.22601064598662,101.05923325348884,99.76206594488282,110.53244954900856,,,,98.25702828752767,110.55368519635488,94.30111564361452,100.84416065379256,,99.88598397844126,103.14216686553654,111.3451174358239,,106.12080824656708,,,,,,98.88512355275104,,117.6922374242132,,,,103.67034961505274,,108.53491403277734,120992.97752979831,,,106.15206392541442,,,
,114.78364476232564,122.01440319020146,113.46329831476947,,106.5279727738492,115.63468636294108,101.61081207530847,98.68962574568762,117.1097128809074,,,,100.93996091672484,114.62580073095371,94.24251744013856,115.99221818491029,,105.49232213786505,100.99288279078776,128.32992842822742,,119.90075125753718,,,,,,94.82681141601086,,116.94921967395275,,,,98.2998462044234,,108.49123114039136,118772.65700640997,,,107.61520772028896,,,
,121.3354276440822,129.70908138672382,120.26549759461344,,111.55717388315676,129.9990974719888,103.41518514467391,107.24769509697722,131.74081722825338,,,,109.57327236740451,123.59842309835456,103.15094823628264,144.76531909405276,,104.41486760990315,103.54517785700544,130.04487438696293,,151.43797838852737,,,,,,93.63941291630236,,138.22663452722867,,,,94.09021718432705,,113.76187166940436,127793.88006399712,,,114.49114190399015,,,
,120.19256844882938,124.1716626061294,115.25131235251708,,110.54050602772698,128.24893401213683,99.60867171722604,102.1849019593718,122.66021977046242,,,,104.7999705862459,122.70748231557376,101.72648518989588,135.09952555733304,,100.24002004713066,104.66966316210296,124.85037390307065,,155.9414391098367,,,,,,89.71560756945127,,116.86716432297273,,,,97.50103467807966,,102.1521909872184,135399.44223455823,,,101.6199838394752,,,
,128.04653278142507,137.45439457214488,116.85380781210944,,115.14921064635368,135.0907298981738,99.0764929385336,109.07647205954866,130.20671278304397,,,,106.28930350325486,136.02999123439002,104.01684646304447,149.68670113871434,,99.04161277711908,106.36818583164884,146.36955433886135,,182.62480692790663,,,,,,91.7948986474418,,122.03901040226243,,,,93.30294094882927,,100.94024495044336,136228.0731711179,,,107.35054317566237,,,
,119.3464689990043,145.66911467774992,114.30274719844326,,111.54768433210728,131.1045026467443,99.2272297514394,103.41946036845025,125.3622426358948,,,,105.71394235839448,136.34966287664346,107.2494522096846,139.59191798150633,,92.35867665064586,98.00500132478084,143.36039129922338,,178.39388237680464,,,,,,89.39944975935025,,122.2659299343027,,,,92.03915197767134,,101.27358473037968,142033.81773090563,,,104.03441082042092,,,
,120.12835935421283,146.56896331304117,115.36945334551028,,117.13527123332634,130.68795095566003,100.42495513165572,106.60573225225993,119.86741558138016,,,,109.60333572408528,137.5232957227447,109.00570892251618,142.73820817998512,,95.64966588086038,101.77349212033738,140.18491574312972,,180.18962871832096,,,,,,95.16452883787802,,119.12694440632548,,,,90.70670169074226,,101.01508604286252,166404.87987496084,,,105.56521556489248,,,
,115.57500419158136,154.1924873845121,112.5803366587137,,117.37397794042678,133.36044337314306,99.3669562989481,104.31078521090816,119.35920684565532,,,,104.76368227115994,135.52229165328225,111.40340972997798,135.9131298508426,,96.79764508232886,99.49891874514626,147.21076497232656,,175.76445747508632,,,,,,91.5306513333485,,109.62803457912388,,,,88.47501223768141,,95.97670231401564,175938.7487531465,,,99.18088407243776,,,
,124.72730514490038,162.92923163312724,117.40275029089452,,125.4826775391452,144.20879818357062,102.514162985449,111.41188499823984,118.12479609550168,,,,109.80390365844382,153.07191788925334,114.34186740652052,144.92345879481658,,95.05129519702872,101.9836055726478,178.7637492897684,,187.369752348072,,,,,,92.33629711518034,,113.05490228012762,,,,91.38101666231196,,94.74376465798854,168943.56817729186,,,99.2657764211982,,,
,132.9512670262246,177.3656315856954,124.0630237205696,,135.3102088186475,156.59359451547775,106.18680353321189,119.5264458878875,129.8388949680968,,,,113.89125022403232,176.93074629137467,123.44603280993708,170.9184480272056,,101.57607727417604,115.6227027142942,225.76754622189125,,207.59015867593,,,,,,93.5616942697012,,121.28223074640614,,,,96.30999143647745,,100.11513044720412,178498.70436383365,,,98.97883323725402,,,
,142.8315259963035,189.22826374114376,131.73511173627332,,151.43642911047087,180.1034929558137,108.92658715390192,140.63163217347926,137.78577567848606,,,,125.21499529828372,210.5686463703582,131.28217139854,186.88115258384963,,116.84122325289113,122.8135207525119,295.9158341496854,,233.5962954120005,,,,,,100.44519818106386,,132.26015678890772,,,,106.74759118423331,,102.3499298559836,175539.204417018,,,106.47312377038811,,,
,138.4597100702333,185.47353760354392,122.60633198534693,,144.88651819203525,185.085283465952,99.33661668539185,139.07069796137336,136.08003250118082,,,,112.97274127192232,217.31274987337585,127.26271321910268,176.92178691188346,,113.56118573883003,116.04876212916372,303.3820089630194,,207.4858708242983,,,,,,83.69656519134654,,119.13301918418844,,,,108.20513726770574,,99.06281792425143,160646.5143775459,,,99.51785723064374,,,
,137.3199317689399,183.59246075590087,120.6590941357544,,160.43342110114529,199.30363544469944,98.69933177615664,156.08555464264143,135.02681251623002,,,,122.13136098682511,271.3608226368699,134.05307136780672,190.3568764869732,,129.51505788313983,129.7092618763081,334.7029693386449,,191.8937460356511,,,,,,81.40833291377554,,115.83228500990025,,,,122.63201353968864,,98.05854344052604,167328.60228032558,,,96.42549491253132,,,
,151.9119987617612,199.9470716107976,130.34261757789469,,163.180056844454,218.43335705044035,107.3288575196668,154.51564694270192,134.66853786941954,,,,126.47881946955545,259.62894107579734,147.31912645933048,196.67281368570312,,122.10483840205036,130.26603238271048,345.91805468717774,,193.3332447498507,,,,,,82.07203524549551,,121.07638761894572,,,,114.01325335589202,,105.23849368685826,158527.869540025,,,99.46197149997435,,,
,154.32131920518648,194.17521826968985,131.16307038346994,,165.71470944281475,220.94991075719147,108.84077425574232,148.2109208866275,137.60466167448925,,,,128.38231921392185,269.85370794265253,140.58688118271797,187.19635448234425,,119.84367111493432,126.91439008132852,373.8342366270043,,215.2548968731656,,,,,,83.76326204783203,,125.99619133271896,,,,109.35737818102176,,100.49838182723232,139660.54293862733,,,98.98616139622231,,,
,147.583901270948,181.08258383007183,124.52751633514156,,167.21193673930546,213.01750745717683,112.821326513417,141.10133905961942,130.40570892583827,,,,129.54180156986794,253.4540106976695,147.48531342870294,162.94657824909152,,122.91090674070053,120.98609580945724,333.87928256526,,172.0053562005716,,,,,,85.40183768085338,,112.5058917754621,,,,106.85325520905934,,93.4637126736151,151954.5020899157,,,100.69959857396717,,,
,146.1749759663756,187.242575777865,121.6037205990762,,167.90284761233983,231.97884030086945,113.35143834879769,136.1161024643506,144.3965034480452,,,,132.2884054366177,241.26136205803544,142.5020705688383,169.91444144561814,,126.98882171327102,120.29524075970114,316.73923116928177,,188.90274887600864,,,,,,88.19005491431747,,115.2746343449298,,,,109.43800369288952,,87.98240260845404,136263.67975384992,,,100.726151028125,,,
,148.4715933080216,171.39227091073704,126.6508602702445,,170.87482115570538,247.2477333803432,117.63370540836311,140.27751774998052,140.28654112742043,,,,130.90400144849696,240.742497736037,150.50615370553948,187.70927788699336,,125.8505788794678,121.17486615363642,287.06828884012685,,195.51879017992584,,,,,,92.28950501208855,,116.2619523871418,,,,110.78198904703176,,85.43547194959768,134988.63257450215,,,104.16494592395824,,,
,162.74594005557444,190.19628875469817,133.40180985067866,,173.7672734097713,280.32509222940706,119.8422367361054,139.47807662811778,147.75513890403346,,,,136.21531472025188,247.8795542034042,165.96665049696074,197.41226360273825,,129.44752857757558,123.80854242843024,291.58486785665013,,210.7741217805253,,,,,,94.5641287978806,,112.40484769404648,,,,111.39710160459776,,89.58929250759803,118260.30698206398,,,105.53950371218122,,,
,155.00331922372865,182.09782420286103,130.71858176014626,,163.92102760237705,253.8867952874497,114.08916971177734,133.17679755029124,142.3119744338671,,,,131.94182428856465,217.1314853208845,164.02322677962547,182.626671930506,,122.82725349943064,125.9817757954784,268.15282426895925,,194.365107820838,,,,,,91.4029880132989,,101.88386631319956,,,,110.60077057600394,,97.05858316598604,135957.14327393498,,,106.85433660648472,,,
,160.18406921234416,178.59065948979836,137.05667164032565,,166.588442243425,241.2134097804076,119.80828135489718,139.6578012789113,138.62243634924928,,,,136.24570901089757,210.84142661937543,162.9488736731377,177.40548969181384,,130.90557520449303,121.5240645134928,277.72828186743254,,202.19510836412692,,,,,,93.77696784711632,,98.04144112500413,,,,104.03301513937338,,101.35963530586804,124847.7738232036,,,105.18842806146812,,,
,143.6095718747323,166.6676180422394,125.6035379295564,,154.67592391868752,213.80276085501265,121.54422104327168,125.98968302252104,137.9773639314499,,,,131.56446388831108,185.11486861092945,150.8124410652214,166.68381791465706,,129.93277702633327,109.73936026750664,273.9699057932716,,193.24112800095068,,,,,,88.19727596430579,,101.30382747305906,,,,102.016010993888,,96.1382360426647,105536.6493046386,,,98.51947352212532,,,
,132.90794564182465,145.135663986955,124.42544333353744,,154.71403812649416,202.5472204615624,123.09769838039344,126.73822700746908,132.46360376480106,,,,128.2199833249515,176.95745096033022,144.98815297890422,170.10816691651357,,123.0861562024809,110.32362415989428,271.0379490616719,,180.25700226859024,,,,,,89.17325065002669,,93.83594777350768,,,,102.2328907007416,,95.35893192624408,109306.61549899617,,,100.08223368602336,,,
126.25504123566272,139.04895897776572,144.78177767037576,123.54744469609015,115.5957981522888,156.50381088550571,214.472144109895,121.64424417128684,132.72529315706583,139.13291818113532,109.83428792733515,130.47914502847712,128.72542623361278,128.57263328728865,192.54328061673004,163.5483919131916,176.74261947446053,114.3685389720392,126.43388429290368,121.93359963233748,227.02725182400755,106.9789649400086,182.529585176052,116.18285300440326,100.44463464558616,111.35822641165464,132.12932108545417,108.97931323141216,87.73422754507442,,103.832010571005,119.85587345118373,,109.63235494610618,109.6991208477282,99.72748412072308,97.76372906901206,105739.46687754276,,116.46178839509284,104.02660617198708,106.51874108017546,104.26240336612236,116.98535029032708
115.24533122963376,127.9984828462932,139.8259362190173,116.67041913444037,106.232486154206,140.53398463719515,182.3024253647747,114.8893122237967,123.30704620238158,134.2738481212984,107.02886705888696,122.3838752451012,120.82653698747706,121.572813549044,163.02349539288792,150.43198817675776,174.64868934727232,103.75297350834556,115.01541766817022,116.32162245828268,156.6632408547335,108.6238731524374,180.2727233550748,109.46194190225508,86.85819881374665,111.30489608081652,128.65534956855146,107.66497623042277,88.82612205029973,,98.68375079623284,114.9985366045651,,102.40828034302614,104.14710994523855,88.87456543398555,97.97695773687964,101513.50308587866,,69.198503750147,112.0322949752524,88.3398773329469,93.10761631253216,121.50649843021276
122.21230052656456,124.62899801587702,141.13891973328398,115.89006134088858,92.5763809428725,136.02476446139931,172.26429639791922,107.75202102856522,114.8424802672447,124.85806522147811,91.70588745451754,125.35192201395957,108.33954812043518,115.03652793638943,131.76046479846602,141.56293716737702,162.543157747151,95.6928733406629,112.11390073455128,114.26716264843778,166.39855550888257,97.71327082523749,155.9166270709887,110.204389796218,73.3171196128629,94.1771141963564,111.12307252455996,102.17920055764972,84.07952276946622,,103.08668060374728,104.83126376727584,,103.52934793170276,98.47393998914764,86.03034903389505,94.15840577679502,99902.2332911718,,58.97111037892536,110.97349077353238,81.2892743586337,88.62037522924463,110.68595966833792
131.48166307011726,133.91675682748368,150.29423194563307,122.80699880611148,101.67989104199133,147.82789230132502,184.0063058843044,110.0802034146114,122.40949297348226,139.14924505265984,89.37356359645281,116.16662873629978,123.14666332243016,122.77309974637086,150.9237169713694,144.6752983784346,162.02585238009473,100.30240101579624,117.8208687216906,119.52386841486806,220.68122514628115,108.86438717441337,157.2819127101712,120.40104164264736,83.05694584193343,78.63200726957875,113.73544882857524,91.51048497249542,83.1208752190595,,113.1205445340918,100.59913342130076,,108.74071360710606,98.47410152499596,90.03901255370137,97.8381221848018,108547.24177055313,,85.16377183942926,113.24014213690374,85.55075852057294,92.80113234675608,112.99568553056233
146.7618711398614,140.84972969669604,156.8238591539544,124.1773389446499,109.25527949364084,144.6063261865988,195.9999282642813,113.7170894814534,119.8892536328016,146.37056931370904,97.17650517230042,113.1281720945676,138.5601875423565,123.3966544680878,149.17797224616544,151.1995550969559,167.55343860088095,99.48341323720187,112.60877313080212,116.59120950202347,204.67077615674725,120.46046257340744,157.6796938055011,136.38138990630583,82.74622854171031,101.12872031905088,120.01975977575282,93.53921145322424,82.91412946079495,,107.01821588067872,107.27050473897629,,122.94710531405184,92.93488483960186,96.06662656328304,105.64005124545992,100784.87063231766,,78.1882410405091,111.07896697466118,92.3124208282518,103.63708238115986,147.62189593659855
163.33031659256946,137.77001693887348,147.66610224348014,120.09321193717736,112.9985152312942,139.33499085254903,188.71671160714672,109.18621736893954,119.31484039033955,151.20961945881842,92.2018206648352,109.73289891768589,130.90230635377034,120.6315912554968,141.18059056011043,148.76596286862295,158.79147753467356,98.14163398944576,107.99298329687082,108.46559618085946,165.78231553496326,116.27506366542607,160.5190829832609,138.65521135000355,82.22811904444713,106.81834672824452,122.89090702500448,97.1994869632979,85.31827285893887,,109.28245033723267,106.44928898637434,,114.980659957787,86.57456745577423,83.04709239423973,108.78866166068792,88842.01872820496,,73.69894925887229,108.6191335092989,89.29514436916082,95.18983192099512,153.36534701418705
143.08901515071037,132.01529803035817,132.22772171078248,116.31010417130317,94.52044222552148,135.4661697757776,181.74627618317024,104.62331149761955,115.948978544683,138.75294315879506,86.20203899699484,94.99140406172674,117.59270529680596,115.71341631448789,137.80045974689384,148.876732541206,153.30693468924508,88.16801306980719,106.72251853670784,104.52966548692692,156.77552285201446,99.22819827821944,153.40486651949644,129.6957165323443,79.61387714089976,125.5362693176302,106.67480470370384,106.14240167507182,87.97896949319933,,109.4213440321928,98.46417748356704,,106.16154006026652,86.86265228696764,71.24435983471088,102.87993540241156,86275.16141383052,,60.37577809254391,112.71144423461791,84.67170346694009,82.04879223873736,144.1139593076084
137.37648362005896,118.6603684209976,124.17946202228426,110.97107756340591,71.34057224903545,126.02369534281902,165.52022266646156,100.58251731758295,103.72596016986404,134.36056965968544,81.7960384133771,94.84632788869328,117.01575705815694,110.86256968942318,125.2354214847322,135.55299897938,137.51229225025497,77.685672176103,101.74384579944916,102.42647098215592,117.01553351786428,100.13584070031922,149.2559290216772,121.68586214312356,68.41730348585547,126.53987022471884,123.0653347961639,107.42468635613402,86.43298225409094,,109.00925074743417,90.33623807628427,,105.98349342299574,80.7984494038238,65.42602708868546,96.97721938576224,87901.80243542213,,55.8402379821207,109.09485356957364,78.78177031596086,80.27210956476063,141.8897280657051
115.95256588553184,109.27138511686042,112.28711953470793,103.40280838375207,68.73427776303718,111.00603765031543,149.67701788838127,95.69278657342286,86.65109992231288,117.1718278535518,70.21191542876848,74.08835263152588,97.75124164431664,95.83098300845704,104.75819342730196,123.34661314146386,115.98115263429736,64.5598332722728,87.50043286263754,90.53243965979472,115.93416187083588,84.70201514328429,118.45003661383372,102.43523461378626,55.52485555512471,101.49948528424494,100.52742239234762,95.89246377326816,77.97171208209143,,90.48089562782768,82.72676623003547,,87.67728073203725,80.33515767219768,58.74845320971098,84.97029095465696,70593.49725311578,,38.27809150986365,98.55890729348324,77.21610360257384,71.87497031014115,127.8594841366981
129.57715291544835,112.06637862569936,113.29998786008989,106.5687256324377,71.26977189446124,117.86578660138908,151.5095582646845,96.77591034471271,91.46606634313908,128.9126274161654,75.73472277679504,82.83903848696143,114.33112119806566,97.2136646260503,113.98774970555496,127.21658595659852,121.34202021938616,68.88536270458141,91.2938040181085,95.6892266731782,146.91478161218447,87.31386662923944,120.81929184273264,110.09758152475588,61.05723976552068,92.76415549813557,97.5394992799498,94.21343358240918,76.20810475318773,,98.1179874296544,73.15277405119679,,89.16129306834043,84.0672432500716,74.43129158003843,87.57809030059268,78622.24939761646,,46.826139531957104,92.8121395172642,87.41053147798408,70.70147057881721,120.8263267456891
167.98601170601117,121.36799714511812,115.2136604577188,109.54244325999908,78.68458985674873,122.06521663773164,166.3930183170837,99.47409535812284,100.08933624186474,139.639058230896,83.98126504091744,94.75557947919422,144.13787015524758,102.13860044686707,131.4524288844898,129.3832114063002,138.13160372310404,76.23947913114768,93.5371342413994,102.68808646514456,162.5379741240015,90.18533970670934,130.7972743610711,114.60453190794011,68.31167186767179,89.85310541183239,112.42951358650568,100.75397499274732,79.14170407760497,,108.64930362718056,81.44153865978794,,98.18730947853766,83.77094577750907,76.56283913821851,92.44297811596816,83795.60209315257,,58.1937617531396,97.97467522750355,93.13439335849556,65.64832047883633,138.93620380803117
183.3027934656605,122.77410261698702,108.03530360988744,112.76539439738812,79.38518010815945,126.65094206880693,169.93125802296984,102.04620009486838,103.71979535984218,142.0131459813001,84.56496326602723,116.0331353045414,156.0694672055051,105.31826598879074,135.87393621710206,130.24336159359308,145.97780719193835,87.52576194794489,95.27490099374144,103.11017655657923,176.67405879486336,87.2987339717445,145.55552484496056,124.85102204704437,72.30106659664226,95.98567354641898,110.72889219458256,110.24693055479943,83.78453212029491,,107.26922666310246,84.96041080572425,,101.61704867979186,84.13289537559272,76.27696322642987,97.73600952807182,81132.45273953729,,70.81851508028276,99.56697002651536,95.50829381089504,61.898190031002535,153.040329056678
198.7707402078792,125.15120666486624,102.99037202290508,111.71290577497103,74.40308093466325,122.67135366530285,174.44295785951567,99.68510844749648,102.3821409530968,147.27658318333272,88.99758318522741,125.61410331273872,173.87136601253746,104.67959376502832,127.1440493040982,127.54051112755933,148.30239621900407,84.77851943500278,95.04202877736635,98.57871942332066,167.28266378632645,94.274632509941,168.91077781837933,140.3954410982205,71.07498422538092,121.24874912890876,136.2104743507637,120.09412768802154,82.0204445770165,,115.92723891811622,102.68791779610368,,99.97937702455752,81.35512373457914,89.07704975166975,87.17724755669737,80727.10810248581,,78.32650304487606,103.34252384073974,109.97329983349002,57.65253273211265,173.53790746837245
195.73950382739525,122.0671101588999,106.7563632932962,110.64704687433688,74.64636918273278,123.13223154111424,171.77563511211463,102.07735406013208,100.5526353305394,147.40742204425013,94.11937632424532,119.08146553349825,190.6466066479412,104.467264361604,129.23964385896107,129.9816953376865,141.8599221722338,96.40531534462924,94.37350859047572,99.50417998168024,158.36321568252984,98.85405777543092,161.65168235022907,136.16791643989862,62.15042648515824,122.10016439185662,146.98896906994182,117.60795144774528,80.75307195079122,,112.56780414430902,104.79394981055144,,99.95588126987056,79.27205770631593,82.13002902254357,79.22281838260841,72199.68369985561,,62.33960257571268,105.85547083249338,105.4857878985907,62.92442563086728,151.23232568054402
218.03527197864625,125.51315129697905,111.9212053753084,114.78554558059786,78.19033926923235,128.55907690948192,176.3894114982105,107.6589036900176,107.6677529516026,151.11699714044235,92.71168427439925,128.65916283322005,205.9477023079289,112.59943142757848,133.0792120685453,133.62419936425852,149.1857791024998,95.66935606150312,99.52448398825452,100.72203628897134,158.29405037392678,99.97903294395437,168.37764555880835,149.457111940801,61.67162020922313,135.78789186516306,145.33949312695194,126.11050937928697,81.96209420468672,,116.0526057430382,104.5266470949968,,102.90064737789308,82.53014833637474,80.58780558351356,83.71850655166544,70112.51342969552,,67.925323373665,112.30632074469898,108.41607379149036,65.87002788898023,156.7311859978431
215.6419500643421,113.60473599544623,114.66451677799712,111.4840705106884,79.00651427089736,122.55736618539656,169.42513481995832,107.0557268004952,101.13674585544916,144.47761801737948,85.83419750525496,121.8468361434831,199.37898096265025,108.46235504300942,116.0803657320852,124.60640030078876,152.62959231759368,91.82811047754632,96.96702647477908,100.19657506361276,126.85760254456926,105.5302527728602,158.2988258527322,142.34802493538697,49.26613304747692,155.95026346632065,140.73241081395855,128.89438936345945,82.94580907965944,,112.64660800903988,92.72050158587632,,98.82238984317856,80.57726815061947,80.85840979053035,82.62862781511451,68150.61127245559,,64.34927523784312,116.7858217603944,116.1951930670189,62.46247490853547,157.47596974310002
198.0035930334723,108.70748620852385,117.49000416305569,105.77026345228742,77.37059544165245,118.56489606304714,166.9304999291052,107.17100393073436,96.51337624490628,148.0435905324813,77.56903796825867,112.859342648707,192.8989623965365,105.19936663754912,110.46071386992624,122.9897672862208,141.1756903533433,81.98421792778929,91.55554813582977,97.07862992429963,113.9482547492832,112.02687945338148,149.80647004638482,126.25680267959568,49.9234902089368,161.1080503458452,153.16977907985512,115.98807951537508,82.0570199550575,,121.97154002226068,85.23606651827413,,90.12890942393967,78.50583643941538,80.20216279139888,83.66517214449595,71613.1535065304,,52.7415635996719,113.2806933259038,108.02070281973045,60.265127264266695,156.95338879279274
165.34457713004355,94.95946359959444,105.35143399920928,95.83077497272002,70.73308490428087,108.9426131649283,148.93189428720143,97.35616423132994,88.59276919734863,133.1331125125921,75.57819311755432,97.7474443429328,175.6384151661117,96.45921446199884,101.78632869289058,117.75867565756629,125.47170973738196,63.27948926612947,87.02533352227748,83.42242948278866,109.21477332864356,95.24295258602773,132.86175432543104,107.28443882755673,45.21484849634337,142.9618995183534,136.99668645806204,108.1942562846416,76.16338054604043,,113.42488781363951,70.02420131011846,,76.98261149873612,73.4239633899524,65.34051309893204,74.83611468155023,69229.87616756489,,39.31043373701228,108.4156484179414,93.9475819294845,55.40933140569131,152.01846275913638
147.5581722533452,88.74995124668366,98.7530666398174,90.0360720685286,68.13840000540286,95.01188154605832,133.13813227976075,86.2813697002178,74.5034611111781,124.06077816143087,70.65004637030222,92.29191212123044,172.24104799856326,79.8899207221817,87.53769209997473,103.4930383690794,121.18446103668154,45.28632053283288,78.79267332644947,75.15301618097206,94.17119238638942,80.88001658601422,131.1225660483814,100.418834911685,47.04022483730321,133.1221945091351,130.37387104013726,108.74985292085584,66.26563002383045,,105.27427109966702,68.36637718555329,,75.98061709530955,64.87634227863673,57.5014959541184,66.18434664981552,64625.86978854846,,40.80683551912676,98.94183933465744,92.16933355104652,55.6945011696471,137.34918386078365
149.27246500290218,89.10323308900347,97.67455878548098,89.06971466203909,66.79300555403246,93.47552906314914,134.73161355543192,86.13944490921473,74.8036999351356,126.9679675055171,74.98243148018209,87.74509601866386,172.92439041641987,81.31120240648278,87.04488980179771,106.78705584856873,115.22904493467576,55.589451726018055,79.8699194226624,78.47445540479397,97.99400642846145,83.63789007498623,130.79683974575406,102.91554189984932,47.13752785284941,128.730585329147,125.6380053553466,107.58171619186744,66.6872813121662,,110.86684704918969,65.88240774631872,,74.61505158893321,64.86671911430852,62.0858083001321,69.31959444483641,64881.84625766247,,38.43905306970533,98.80432931551334,101.33628275448328,55.21413608339071,137.13124936892015
145.26783086948183,78.40839748917438,92.59632557728445,79.23992875737974,61.00523297566789,78.53538802682984,122.91364255838772,79.8802662361506,56.155605806995545,118.948698089924,70.781193301586,73.90699082692491,147.26208017070917,66.32292659451122,71.76890646029373,91.76033580130073,106.19071856151898,38.47231282625932,68.3346877752279,65.26995319869482,93.36247799649904,83.12959078568743,115.02682083913687,91.14828221333508,43.06729965762474,119.45524346895589,113.37540475841884,95.87199639057052,55.19175738703166,,109.01352974078314,66.30760663383928,,64.15536953607031,51.9112839376927,57.25889497680363,59.29964016547035,55639.11291353051,,34.85550109231628,92.22347585796416,94.37586930430372,55.883484418979954,143.4101873660803
162.71116107558922,85.3168041285763,85.97302775560489,85.27251603836221,61.22711131073768,88.55729511486521,126.35599146359188,82.4202202476456,63.87414019498603,125.07412831729071,70.50712692191729,81.88543357933897,154.25918495640278,74.82064408504422,83.16245148855481,94.08939668713909,109.78516974091964,49.33910661874166,73.84842739371808,74.76815546352911,113.78740175619014,86.64027574622757,125.82221740069048,96.9465317653579,44.10612286250632,98.32966291270216,123.16504474882412,99.81447892212492,59.80810842840914,,116.3092312543782,58.55766900460113,,67.6238875663188,57.43602756896773,67.49014093720164,66.57446283372889,53271.26646241866,,40.358119744547125,93.39190319904864,97.67647358273688,53.74895009550136,165.4267856147316
161.53209025342133,90.0005418382706,89.04962453024409,87.44605255217613,63.47514899872128,91.88638459455416,133.1297072297995,84.1039873784479,67.19145189698538,127.79344386641812,77.49167068550462,83.23729311034097,173.16893408717868,78.8727086530426,94.72073637201372,97.4716191016089,116.13174133121824,49.69155460537494,80.3791499324755,81.96523495109051,128.25707700626708,94.57468748097186,118.64630682277344,101.07537972047194,49.77537488108526,109.53318513548152,127.15631115378083,95.40408751290636,62.01632833186397,,114.35912064256996,56.48557137879392,,70.77769464774013,64.5228060437904,68.8819442554916,68.94034136380583,54442.90176720069,,56.62158540074219,92.74840610808442,107.61004626591492,53.722834828509846,167.96674808169004
148.25324675572702,80.12003999619682,82.2419423439802,81.10317203055789,57.896342814265495,84.70092908965246,125.17318360357542,77.6618323591348,58.80378789466321,118.88609764424989,77.4193308381944,74.1492040504865,143.4056087268342,70.74368811986545,80.13765600392831,92.7988446407106,101.82996945196052,51.50059780410383,74.91550789919523,74.11475038623772,104.4632887621852,94.80754499903732,109.85883062665086,91.8309962880916,42.15932492714931,115.54389221058732,119.56193909432052,92.92788267156295,60.45010003523138,,113.08142385775216,50.84967915817013,,68.75967625833405,61.55561899461772,65.3617483192031,61.16703049135327,51450.46279175345,,38.56037073650076,98.45906696416348,105.61189873756048,53.356999278879535,162.11903816515394
135.8897661593981,76.39947019231124,77.13689029514626,73.69101003241845,59.30347816875788,80.03517785604235,125.773436854664,73.32465300253615,56.08017011137586,118.30684139143688,72.55752949584829,81.28626135626854,134.09989767845698,64.82115895829092,77.26089328976298,86.73465454520299,100.10839861169264,48.6696988414292,72.12416691940733,73.26602705387863,91.89753443681684,89.40364595902724,102.69424831502272,85.03369162462103,40.83471348796702,98.8805860825806,125.28712576194349,94.36255097865804,55.84786705851804,,115.20436013093683,51.87416014566024,,65.70969741766028,59.1989356669074,60.80253295209597,61.507106556386695,49931.06622245176,,40.514122876790914,98.17168844320996,99.34961573630112,55.62205433550234,153.61418823087357
146.44681037168283,74.89178040057735,77.27841904478852,72.21447010591628,57.5938738847086,75.80933721306616,129.63119052695362,69.16488662700122,51.98548274898026,116.16629597841532,73.29744614733062,71.20982712689637,126.97846135552388,59.79408695493685,76.47835641945717,82.48535599341932,98.5008188840382,46.63838369606158,74.0687278455658,73.97549006498859,88.15334615778322,89.91213773678722,101.27829547637768,82.72250224245794,40.90436283675357,102.254012618171,121.33207251126848,91.4243317844732,49.25753598167131,,114.1469396861227,48.34400600323669,,65.6566627103372,54.33007743740253,58.32524622742751,59.464314050127214,47312.80690473287,,43.818665495202616,99.20285003912169,97.14624026099108,50.52573298309142,150.70090440090277
138.551844813152,74.6307000274775,72.87533771739511,71.25866840509933,54.69746349365052,72.10196827542244,126.3430386383812,67.91926337880355,49.411257380353405,118.78591194276252,66.99974481400622,69.29958521925606,113.4848900394456,57.34335370939891,73.72379524858142,88.7091452081246,92.25877723286764,52.41012788882611,67.38867855032265,72.50286688366528,89.28189800170821,84.44829757028127,98.56729806069008,83.083873125036,43.45950364494778,102.1145927208769,123.36823834901236,88.35139776660067,48.11654017955745,,115.00611509826146,48.93674673345006,,66.42656819273498,55.730886059146464,54.357859889050935,61.73644679789459,42062.74317310753,,32.574400734082666,99.5499734780859,98.6596541755877,50.018017307659534,151.6802391437604
160.27878065601797,79.04010984402709,70.69901700226056,76.92268151536605,53.55158016600386,81.52083077320106,131.37477251884698,73.94923082154348,59.626576387049546,125.34769910910644,62.64674065281517,65.87998621813047,126.71999210422642,63.20000501366992,86.8733850089814,97.80078542048572,90.08543513917634,62.03137490906511,74.86712263472613,80.88220463136547,104.4211690741718,87.41785966349646,97.23818487404849,93.2520872451733,48.79847559474717,119.77376992913176,124.8744401494898,86.12303503713585,55.52874044422422,,118.38595929372308,51.1714163105822,,78.0147035909062,58.13909693472339,59.54555024041628,67.20938653140686,49785.14176887444,,42.557916387382456,104.81466884951443,109.11089213332862,55.96333098152182,161.2184157461661
179.81761243369226,78.98016329395843,70.3361763592898,77.46903923935872,57.30428271245748,82.79445346420428,135.2986457297244,74.4808700750124,60.251832727007326,122.91732095837985,64.28785948148246,69.03787062030341,127.59471572315071,63.69959927332236,85.99259606248002,99.20630635774884,92.76557194667724,60.27457751266568,79.04319395820374,80.40551470873869,103.89808948122231,85.55204217821081,100.63787359790076,90.9345773611266,51.58319783739539,133.16453775275906,133.135575350268,87.31352347843386,57.863075969718906,,122.00117113300838,48.002537670589945,,76.58095372591794,60.60669618578984,61.64830952082856,65.9030504024748,50695.66167309814,,43.88545833611213,104.59420897770468,109.51369675010248,59.23091311986097,177.5704088824575
192.8790528060557,81.85990490089978,77.35040278297018,80.02433805180694,62.45395518741069,86.05303480835201,142.21242922961207,76.19922238401793,64.84681417913274,130.76196524160582,75.24599922794752,76.00071086624715,141.0078430087169,65.74001345925727,88.66091683954528,101.17373376489746,96.29000461968018,61.83439173874641,79.39266980140445,84.99573784103204,100.55332556392916,91.16386619738904,109.04678301494644,96.87720770157746,57.77709313754576,142.90920737590218,150.76347356611404,92.71397983282851,59.179363402182645,,132.77496181468814,57.233395337547485,,80.26981447939954,62.00544057491968,63.14526447321596,66.69772604083894,57180.84537803905,,44.091769462624285,110.51652356312754,94.6171511256985,63.16190934744721,187.2428524914012
181.75503317063817,85.03431848039472,82.12008745345196,82.15426639065853,70.0349499170106,89.34662905677023,145.55079962692236,80.80532705343644,70.07829977343002,132.98382857179553,82.02393268912658,86.97393224638648,159.5412337484058,69.97660622494705,96.24275312472844,101.13487020526036,104.4915821662356,66.56536459557921,80.79329370597647,88.26784104231363,99.71457176071516,99.25156616850298,119.47237011262816,103.0773922978809,55.924157692584224,138.0656623702946,157.8313774127144,99.08058615287118,61.76920542446964,,130.5976178900482,58.32271049640197,,88.2449974711543,61.21246855846606,72.05827437361185,68.06749964049085,66171.5571354774,,43.9129484855636,111.98691429235048,100.860881772962,59.84643979540111,195.2685640951645
209.92676021552947,88.76889853919543,93.05959506008506,83.64823632523648,76.57579556715197,92.26744535837412,156.97603112550777,82.08415589924965,70.6463798567434,139.5841602423874,94.94717383713092,97.0181840508225,172.99949969737807,73.21430237741721,100.35136938065774,112.91189020316833,120.2906319960458,75.14471777291041,80.14496083170664,89.11788461771756,108.65369249961262,108.36951794806872,127.18502146126647,103.89449208704056,58.17180374413158,144.1033010768474,179.59594479947566,104.43229787193349,62.272172850202686,,135.9187120017211,56.61436099469934,,94.65195203719917,64.3042187346285,83.91556616549998,70.95837979804607,68091.13424745809,,50.92293800346227,114.25768154553532,114.40332688160656,68.01097126720374,198.87821594958896
213.7630208575536,82.68818867115961,92.93562514064624,81.64888535332308,72.75207062709171,87.35855526108121,150.52369856596997,80.74549991329505,66.11583749676969,136.67080250936704,94.67161963853404,92.01523221929604,152.61479929774814,68.10942178929646,97.78351538268606,110.45850799792628,119.75331791245463,72.12916282218852,78.45415746511355,83.69391724593662,98.29484736079137,103.50074889883902,123.7540405730403,99.93167517846231,54.45860361130941,160.64900749920798,184.55927418751548,96.880863579255,62.29096033756431,,135.53438809445154,58.66826373881421,,98.27798591346168,66.08883069207577,71.08619045630148,68.50545407829043,62586.617064667735,,55.6343133765532,113.96198588992424,113.85420353474424,75.77600374467448,189.91490212890747
208.12848225285364,87.52307904881509,97.3605082319026,87.34933355622087,83.95617959932562,93.49486919565511,160.93303169831864,82.68407367194926,74.11803099416795,148.48940454962215,104.77704547163952,98.50400222440766,170.3246460190233,72.37566817057015,106.33633418162928,117.71058385152058,125.11186320854,80.0674373138283,82.43614999571979,89.5715355069975,108.95061625386184,114.41685401908371,131.3004589950203,102.65627637152768,57.17220418410043,165.4485632683691,196.06953810430576,109.71963812621112,65.40382623531637,,138.97310483573898,62.80083206585108,,109.34011194153732,67.8756339794755,74.23932255344369,70.7200754619897,65651.52185193438,,63.835254628981005,120.43043053398848,119.34317549169953,85.30797785415042,203.5633471596114
216.5343783940465,85.65906328575683,91.505437938064,87.22732179071832,82.23886846004402,95.35279733321777,160.69409168386676,84.46405345931139,75.70215259060635,143.41086110906514,104.09865451881616,89.93939899501221,164.8928505708177,72.65381310844985,106.70542132724653,113.62162584363236,120.67523587390409,82.15999340567859,86.35229782593525,91.20478147985943,111.50509867232574,119.19886108055132,126.3572650002866,103.26400259195027,58.36523235296088,158.74682920884575,194.5361580593334,102.30473588015516,65.66239626316434,,144.1676578431179,56.46208236035888,,102.46103176031912,71.62913411987529,68.55035793920278,69.65463929580572,67726.70161311388,,57.822487300936224,125.34257257610156,112.3636287547294,84.10269171888446,212.05581707160565
221.19410699800312,85.5923018796383,92.9898611106258,89.10619698813144,90.34835813374586,98.809415358388,160.99573121132264,86.63207488501682,80.13597248089873,147.83061082247133,114.8734858361913,87.54431192156896,161.086485072469,75.3866217677775,109.69475999347152,115.23045398635904,116.99837051066264,91.86839027067268,85.90558354257224,97.70525966922978,103.76596617095548,115.05214467372322,125.76348325231386,101.47066779739654,55.091296218078526,169.6972331911647,242.2198200142096,97.8874740049902,68.05879119304906,,146.2270223448598,59.88144165326218,,104.85671800524932,73.2529255301973,73.47546548155502,73.19527520628993,72594.27811329646,,72.27882499012263,128.5745616044358,116.0090899839424,85.16156823673938,224.3887253537328
239.2397388548665,88.45043369768003,96.12399865671378,90.19670687076446,91.14271245323222,101.07957343231683,165.1757005538651,90.25836167352033,82.25439972177462,149.88392878266896,113.81448794382476,96.67131435517932,180.23482126677243,76.22019475690456,115.58567296508316,122.33032944372206,130.37128871985783,89.46467885246825,89.00300201052407,100.2309511283562,118.98111532466496,115.9733243643403,134.12249541854032,111.7922615273068,60.21947979474905,189.83596578249703,225.08360497527332,103.56703341137124,72.25356258061808,,153.67871462519113,63.4312213189659,,104.40704731770616,76.06641266848894,75.5195510708394,77.13309043359136,77750.0635405184,,70.99300869979095,142.00672586039158,124.11616904291884,102.37252155275765,273.60976921981944
262.8489685227161,89.46471697853532,95.82626377169272,94.30586315345587,96.79878170906473,103.6346057855974,168.72367150810337,90.72897835008966,81.55860409155419,156.76966336090376,112.37740399334712,100.4714784211188,186.65625266162115,77.40814855067205,121.59754688974454,129.41790375366247,134.56512214835328,92.79977198012467,89.96428230613242,104.17824698548462,126.50559421879844,122.78954195515796,135.63952157744103,117.97739746945018,62.737805091906026,190.0704969566144,228.63819974738536,111.82533081547496,75.32763873289485,,155.89495266103668,61.16509927576018,,112.9025498134977,82.84580404471832,78.63470478071515,76.46749903183442,78225.88070688056,,77.69700297074266,145.50659308869737,131.41475517967595,98.49666564332624,292.766565346832
300.2841644125513,88.9832507013259,109.89598178221355,93.11383953833663,89.62445308087956,101.05800073271467,169.74986808998662,89.45530431019253,78.56350242039794,160.7305973932554,116.29074209832112,98.98157017945104,195.80995606838405,74.35598818630773,120.62451347143823,125.74041810489662,127.9234507573687,93.76986694794743,87.84551693127567,100.91460123806635,122.638653622389,128.8812581186373,136.5015975995134,124.87872127428052,62.65355837632063,184.12523885259583,217.31656630905584,115.16976615157596,72.0408962449612,,161.2055809219866,59.35218235709674,,105.114786305378,82.12375214549023,81.77181932129011,79.57367787679078,76765.64944601952,,83.86565354674211,153.78304732465546,147.58890634050707,106.68075217627693,326.2161195179324
265.2687291130339,89.78986639212005,106.55192020873729,94.78303534286042,79.87394497176525,102.38847908933828,159.507961170329,92.88214323196648,80.90622015454072,155.0048272848807,117.25784847696578,94.65848314658476,187.9942500594709,75.86880815367279,123.28875226969532,126.97027236902755,124.77802108323102,81.96524719785057,91.3136734500948,102.31652945422348,98.10737259337692,114.6213394494566,137.64610081800075,118.85717846278978,64.84170207848784,203.07478092401377,220.90698961278727,109.96375461425338,74.16819694339578,,156.24742767660652,67.08560362972771,,104.08602782145812,83.26559440505773,80.90733932128006,82.3527256806855,83447.28380555788,,71.41799644273115,158.5583906356432,147.80878499220378,118.75692637662443,370.2879901056639
258.8061444404234,89.27262140168249,100.92470193616155,95.07411197634042,83.79460613552709,103.36784546288403,160.73595077809583,91.91032351416992,79.70643783628917,153.0640037658236,96.97696322044436,90.42457935894777,172.3112190778346,75.9362155230784,122.98876821649354,125.18681463180413,122.96021808898378,79.11592752130468,90.36926797791988,100.88360231291703,95.28184739514826,120.7593787341405,132.5332384529196,118.09099686172654,63.96804991999194,178.11386479997097,214.5954028057368,103.37902849531164,74.65886488235058,,151.5232271617035,64.18456763623487,,101.10607283416076,79.81619007105914,80.3356608529989,81.62505488164184,81532.01666226002,,62.93595970891487,156.49643817693402,152.44352669538335,106.84234933271408,317.98229106406694
258.4193362587193,91.25529943463268,106.75339410236415,95.44312347603706,83.58965985836767,105.63096816841484,168.16431575025572,92.28174415830055,82.32679699482269,153.39250310864205,97.70459593060016,88.16684720932872,168.7277957916903,77.63128857292571,127.26073676187929,132.96091063094497,123.39185681040884,83.33169508852735,93.79732297878104,102.5418457467016,99.60575496423704,122.66172198796086,134.84662518983524,120.630749110708,68.00539173065889,177.54982242972858,216.8142674918884,104.9726805459525,77.1358303693985,,160.4028459349337,67.55840668258823,,104.9484264757144,82.33861612512041,84.8821572650067,86.32818286015096,80485.77621172828,,68.69672802854718,166.15221920671348,155.3049344692597,108.76685512120238,317.0145207397292
225.63338781623065,89.04461211972904,101.48435475740423,95.49058722291052,84.7830004850657,103.43561250795112,170.07195571549846,90.08198602565984,79.11164131390692,155.4088808349186,105.78678410319156,82.13956542731013,156.5580121127302,74.80818318948049,122.92811440572846,131.82032765990292,126.3758305603987,91.27349840183491,92.47328369185912,101.1998520012874,88.15700499945235,125.25221604052916,139.99319786084888,120.01611580435753,60.97776343714549,193.7441745644012,213.87304009145384,107.63237266278502,76.947354156118,,168.86976891886457,67.9833574431771,,109.04968293776224,79.35053831691637,84.50790341485192,84.6405537306505,78902.73135436903,,76.30527452128644,170.89350040042248,158.90329855689745,121.0663565324426,330.62445769314417
244.85034884487052,88.61793771047276,101.26482198075142,95.14122450482051,84.33669317071254,102.29626885508146,168.51460946968146,88.17250646230472,76.90263300875185,156.75785509887854,104.76650546902913,87.30323869293674,169.78782223222382,73.86523330323718,123.79034697982878,132.97592830837434,134.09480128730465,96.11106612741872,90.71277841505837,100.39640134548704,88.14052847872387,128.65561436651686,141.88253245071635,120.398811597348,57.29492859534979,189.6867475363188,210.11020827913148,105.81502241318832,79.80024839939394,,168.25272038380078,66.021206970917,,116.57897020564472,79.2581393569804,85.46214395061446,86.78090372820209,79256.82615185085,,76.71398508539303,169.03893029193512,165.17811943029255,133.5783668529523,346.57549905648574
254.8926148971315,87.62626721716296,96.76344674029964,96.09047004667538,88.64237687819022,103.49710726942338,177.36412819136427,88.44351204716368,79.2222102322874,163.37624886753798,111.22535105301166,85.51806140906788,172.13921695689532,73.83337214780491,130.5902892237486,138.23852556823795,133.47158835009543,103.07725928781254,93.81658866313236,102.1132115006178,95.84470136551904,136.3729516619956,145.8762152984382,124.6968583528031,55.5479680800314,208.70791237526143,213.2088027730384,106.94059901700533,83.98415250819635,,175.32749467613678,72.88651838133214,,118.15198839415638,82.35711570943967,91.2810216782506,89.0500803168027,80814.39280036387,,80.84347887354909,173.27557510404506,172.39339568222013,158.67432199400096,396.7663550284868
260.8219738386988,86.83186485069429,96.94466083537752,96.10620735023764,84.43962854911683,105.26136118475098,184.06675830067385,87.97399049664325,80.49301319815788,169.09181746457605,112.64542718984345,83.27485781081388,171.4175130186596,75.20290690478274,129.29340957687307,133.76457551407714,129.87673523282183,102.2853052809203,96.91943417865824,108.22545956940117,101.93557414158153,138.90322653739872,143.462370887905,128.42377748563922,55.32481349240305,216.2069399814517,206.5807488273661,105.8210222050512,86.83040093628728,,170.2058862103123,74.08368708735037,,118.36931633477772,82.85890294779662,94.94011113800772,89.98419379113129,87169.62206251374,,84.13011055693697,178.7472665827042,183.7624661445391,169.73882764246795,405.90436185403513
226.4933050960602,86.47806353863845,97.2649335192573,97.93339316336773,88.95111716707481,106.7239607516994,183.3439600156719,90.39178710272482,83.83650747098993,175.42982577088867,121.00243300293084,84.79314726558249,181.61116864972064,76.74828055123353,139.3059747868618,137.8068513184548,135.6253518146846,108.06503090289402,100.16398364399258,112.04854199026624,106.08697853106771,151.5301961943056,141.4296947645827,132.0150505081518,57.63254169314032,243.1700837038517,217.83995957086125,107.71216549125408,88.48090705413361,,180.89620885753948,71.29569947117739,,120.84122024965788,83.65641592253894,98.9017060758808,93.08951546603112,92751.03557471276,,81.60796948453907,193.77788263082005,198.7272153538208,163.67042711692866,479.6804292062113
211.0542398445652,87.47898299961732,99.98176949001906,98.87106072254872,85.42460529193647,108.6403377649673,182.5736389597644,92.4177104185658,86.38749655628992,178.80350361484838,126.96623738495089,88.5458093666192,182.4532173513134,78.5185190777961,138.72047499511288,139.88401881307547,135.6886493796985,115.81654249472292,105.61471332242408,116.89999035931962,102.20888003239796,154.71366401322356,142.69297346307454,139.66132652626268,61.254355122744286,237.22638167725955,221.99190585330584,104.6151433654134,90.646889508218,,183.41671599036687,69.89684278918243,,124.56057227015444,84.76434289631494,109.82823784192708,97.17974314162124,98392.71288492443,,94.8664331275938,204.6463560103257,206.1433750348621,178.7856465427481,483.9942277754078
228.8588382918708,88.93290849104795,101.83292022576072,102.35760864706612,87.13472359299783,111.40189777051444,182.79743840032967,93.38581660511711,86.55881272007021,187.8041121574904,130.0620060515199,89.51334758993431,203.77489131732383,81.51581243573469,137.71904407020736,141.91555210314445,135.6178517821794,117.84161350903857,107.5806760686708,118.84352749805484,103.15197405331335,152.4054983308446,151.4247073800152,145.83817355249312,63.08412501897203,261.5016854795936,241.4596260816461,110.87022896014518,92.6452171076794,,187.74969307828667,82.40286183334997,,123.4492054813389,89.15260026375283,107.17918836807246,98.85247463305338,102584.70717556326,,107.75061074602831,208.4031691065813,217.8011894435918,266.0455095618468,494.679604986826
254.34103904413652,89.10369988304585,102.0675251333045,105.40104473290988,91.91163781403714,114.81485727678694,191.0224913911032,96.8972975754884,88.45653105890902,194.3373298322805,131.2526028249278,93.12453477536248,220.618398851749,85.6168481292652,143.88288109732034,150.14754631851832,137.64062180301963,135.97337492327864,108.99675168627311,120.90713597156392,108.84243940517396,162.19226262801268,149.84491667391572,154.3960339332895,63.771227536893726,258.83475649364925,256.19356447007834,108.00588305203792,95.9131350411986,,198.03860015169315,84.02913315784843,,129.96406223193742,87.31186117024389,125.48403756146872,94.80397577546708,112026.8010211039,,114.58571050605664,223.2186211213049,264.60967931433584,288.68670671849253,548.828480877604
246.22366723979005,89.5096846261401,102.08595008988138,104.80479193360124,89.03319441991218,115.71368923574794,197.79524123880344,96.41251586782894,88.29683623448062,190.39374956981968,129.6350799371042,89.47051868288264,212.69921335233485,84.11667753629533,141.98357674928417,154.933546722123,135.92806481315708,126.94711213589774,111.01768932849248,119.31201496027212,107.4731384602492,150.0053450796383,152.13798285815693,142.62639543561824,64.8858977378651,261.47879614125515,235.80746891633493,105.66772333246708,96.8128273276722,,186.4631349556295,79.83864955770628,,134.41151385445502,86.11645544794735,114.7645428626984,90.074328054438,101831.60399478684,,100.00726334301967,217.30005951522665,239.87851561677732,292.1445410761957,491.9293164747848
251.00214629746185,88.45286214034084,100.12963520584864,104.40149599517513,90.00194462451992,111.3918168057309,188.30761353033444,96.68729787886684,84.79776320347167,188.58121761937227,123.5646621734794,88.8681144057833,203.71036092593943,80.44865458320767,139.1288905954359,150.9264025778929,142.63043446401394,122.4389598899054,106.94582704387204,116.29615470730548,109.05276673157552,148.88388127494844,153.66628009917034,140.53527371324813,65.48949330737273,251.0381023633579,230.0298152731877,107.11834936204151,94.50819927988434,,190.2091618121118,77.60564870345335,,133.7843185311395,84.72339485953802,102.0616343543614,88.38060955182621,101949.74709438604,,90.67204023559913,209.06991503288705,226.12091448830392,322.904282282281,525.3695626810949
265.92974028024884,95.45147873377894,103.73328721192128,108.119856188368,95.0131375697138,118.8526256339886,201.1706429214276,101.10675898064326,90.36839710007456,196.879154105989,140.61512935546114,96.70413661531104,223.425469935502,84.56122279146118,149.72238387757145,162.22649888779526,149.34370505555552,137.885897250799,110.4134471719588,122.08799336281425,118.89727856955815,149.58628269486903,161.94548289837306,159.9458690978244,72.35249336360344,280.6156168160063,237.53352199719075,109.53086015480326,97.280708784773,,192.2591411936866,83.82521785604484,,142.33289210400224,84.65074106564302,110.03594675170164,94.58867369995848,106820.4158912618,,104.82887957248322,227.84041836818147,230.18400788448332,354.2877463219154,527.5018344229861
286.6319791837467,97.55014665519646,105.69316496209854,112.02622139412124,100.94761187633122,122.50717451245228,217.60722963639432,102.4216385865325,93.01953986221596,212.0017865501549,155.8196828303044,101.49557544863488,228.53375689471991,90.2506231761215,151.1792982538112,168.26967028435217,157.71085212317743,146.08339282301603,113.4158981683546,126.70049597080384,122.5235995753741,160.88601520800913,168.38084932006518,172.63673100113465,67.94297781568974,293.51215004364246,241.55790686119587,115.42375169619432,99.53909108081947,879.0893593119976,205.89122738909649,83.07118856944908,937.8523942694584,153.66993607196932,84.08353279497162,120.5529762203297,99.79223261490202,111538.31395779,740.2731760508982,114.77666889805316,247.31310339090567,261.695075890901,411.8993389357128,624.2085970236494
318.450973154772,100.84768551843398,106.39447568273624,113.12433887059812,107.91482880692368,129.1103441688305,228.77032673657743,107.59551476076965,99.18177651921548,216.2864979290405,164.05828200479482,102.496431739423,255.90292731400945,91.8031371988086,159.14385838903743,172.92740572736608,166.20977138351637,151.23632278295082,117.82104600327706,132.0692692905028,122.00976920826407,174.2461977264784,180.7860216190781,188.08003495638383,71.78934969675166,313.71188515785985,244.64098515634169,123.66086802177,103.48263694909252,707.8622596944017,209.75584163995137,83.61939682765126,898.5535371384884,166.0894142221682,84.83137995508277,128.8469448941344,102.69707440779364,118781.83843549658,775.3905109989503,127.2017600851212,256.2621256506041,293.9791523886151,412.7650229895096,718.7412352957457
361.4231779141214,98.6154534872988,112.39064682678249,115.05854402039668,107.16760402881305,127.86734500765176,239.26664576983865,107.14983495700272,98.26502439318084,215.28833173109416,162.60311672497104,94.98733835717118,244.66600546781115,90.26356032208442,158.19287452517912,179.3751985564916,162.43895069787757,165.9175080027686,117.00611577372572,130.42651846624344,120.96474260183656,180.8417652220079,171.3125197020836,183.32094374968275,72.01512578576954,261.1460506276654,254.16266434310012,118.1778253878486,103.48808847775044,865.8479637844006,208.89084378424204,80.31625526418549,1075.0541140971663,164.33136865343243,86.7770348520168,134.32120244010116,100.06864022262458,117389.27873862987,785.1575558267837,129.39144912507314,269.8024390991293,308.656570516819,402.5393640413179,762.9602475815025
430.43524118993855,101.42124049986433,126.49192776763792,119.442086803357,115.74513894890411,133.72318467578344,258.69006496348203,112.9790258111712,102.498863442587,235.4867065288288,182.10003088722084,97.708459933857,279.8963344001637,93.23458549035588,168.3650311178156,184.3326670480148,170.9289074551329,201.54580088251268,121.6291907761432,141.23420134987222,130.39454067766937,205.10840824576687,176.45756697142406,211.58451397821509,76.84534102560372,273.8454213374112,269.7225555575631,123.40835157551145,106.95902830774004,1031.7708383414754,218.6638787491128,83.05144276352031,1142.7004865502429,180.82811230000647,89.28063903675276,154.05644207381428,102.0357024164386,121887.8546328054,837.6326684622236,142.9841223018395,278.98394320106803,320.2433342154809,465.95720172812713,794.2804150246031
394.5259325957328,100.3830477787841,125.79922523227988,116.56857332773592,105.09687870108613,128.82564356178466,241.5993991446477,115.40740531517773,99.98799252221926,222.2862997295009,164.6137134780197,91.54589615249525,264.99033590908056,91.86595510862266,159.96389661554252,181.4513031454942,160.84434040835512,190.703813622264,114.12419723574494,137.0427418301472,125.84180457950563,187.1274188078931,170.64070656930528,208.18428127601908,79.76554450303885,268.0237945262046,252.7838554340959,121.60702347464812,104.99718987641695,1035.552409332707,212.8764874032484,86.64482507960516,1143.5934415749527,169.12547250953185,86.78253227474859,139.1481541606576,97.94692880190622,119074.09437314163,891.1335108413273,136.1229243944046,269.5141934240544,284.11160920271004,467.73522309248847,833.4969098859285
434.2337095204484,106.02472086380324,133.2606282826372,118.94740094227272,114.28955093545164,133.0542473804625,258.6541799400808,121.32960211590704,105.15470223471604,233.879418222762,183.73848995092703,101.34045892989052,301.03822570246683,98.15440474256586,165.06822636366644,188.41437266752845,167.97688587812874,211.0204764066584,118.64913423584832,138.42746933925756,129.70171503000728,205.7577007949395,180.8326988090802,229.14064490769888,85.89649787620716,289.0479994881735,254.62430728822363,122.07912157275024,109.17166502324112,1000.0,216.822613231981,97.5192586922631,1000.0,177.30643376660387,89.69913853282019,149.29352843420278,102.66609465011652,123990.9832683405,1000.0,165.31846495921667,283.4082497149516,285.5051951524587,475.3554429947611,1009.651045068351
459.14399527244296,105.98810379246238,144.61542075774528,122.31142075591696,117.89745199026024,137.56393301119115,269.93962708966114,123.89169428048928,109.42357105710175,239.04851254895084,201.27849070768207,108.54693785624757,330.0316591747916,103.01387174918084,176.32816287643823,200.68751521706977,169.49552300418893,208.79419831079403,124.01139317351723,140.64525498132448,137.43558288004007,228.8058796616342,188.0654684367693,239.9808035328474,89.52618535828434,314.68372871232964,278.1248080770209,123.31876228077932,113.9066232993368,920.983333254803,215.04026461533337,98.75782502181428,1011.0096680294824,173.53011086300432,95.84824189571786,157.18241282349223,109.41721361043192,131636.99182780104,942.188915763012,170.6075215465351,293.928330350352,280.109884047453,538.926882833925,1155.3445027458715
526.2023467412187,105.73368320923204,147.5598697902671,125.89260473193556,130.6385764483664,144.46291321077848,285.21921224326286,127.62194759174552,115.2697290938036,248.73995045501087,210.32004122122908,108.67283925788088,348.56559389234764,105.01233675198398,180.91036702947864,199.677402000396,173.61135191824988,253.4370203238296,126.73997827053677,145.5710876161974,139.99235644016954,257.90220038806564,192.95885323769184,252.4940946808972,86.60637117418807,343.41157301448413,305.5630640778772,123.3942276970832,118.4959360664908,802.7840796526374,204.69415204866127,100.51921682909826,930.2439804178236,174.83247945213654,96.92143741420942,164.07393595224585,113.21248550877272,141734.37777752258,927.9205029383594,189.45193622291129,318.2803215717506,297.4142561339319,662.4223010836046,1259.54830317728
567.0298315841176,107.72732690560947,149.0141864490579,127.3782128464188,137.2460300888553,145.51999647835967,285.1693946247933,128.25769138909413,117.99887221179048,249.4021123058571,219.5736951939664,110.06925438381032,344.63468407215834,109.10183249505786,183.5043622044824,204.10708591280405,177.13752638566743,263.22861401952963,130.24592213730557,153.83572537571544,147.59001816525569,247.9320337638276,201.93339998670425,253.5462345147968,86.09722769471755,353.1162293345165,300.84683282649667,130.09369236957434,122.20062024993838,758.3181740315006,202.419430653984,102.48484124428488,770.863972846123,185.7453546797301,105.41140081914236,167.50295461022822,118.86120316733606,152255.26480515717,917.0934070966166,205.1491879855973,318.9871716989915,311.04365557316913,608.4295401045661,1333.8711694369074
564.7575884744728,107.45113361745176,150.51284105958402,129.09290672414406,139.53601901254586,151.82597741515357,285.2048003644046,129.32890371797632,121.37739846251212,246.64530903478664,237.8768942201345,108.57457040691251,338.0232375691265,112.09065428684433,196.3350508089199,214.07300209494863,176.92899240836883,247.04446263545103,131.42449126270353,154.5815024656591,160.27058037235062,263.12173482526845,203.60742051094093,250.4819841454732,84.29396879897602,385.073105361674,292.2414203359664,130.32133778440843,122.704262639472,753.4460639186806,200.1469314592093,106.7100844082181,786.7186426988889,181.7550499520356,113.27904637541472,162.89127688562172,122.68702199938184,147373.71936772412,778.0258769361842,177.42416516075184,325.04463997279214,293.7786375325863,569.5274060022176,1323.274234840882
610.3959012209762,104.55148938173372,148.8042700873901,131.37792022795196,141.07651658639588,150.8274494642896,287.3307115709016,131.8609513224999,122.33152180014989,258.685630683871,236.5552413751392,114.76566446290067,346.77622932998514,111.64248820419438,197.1028804263471,218.48692514800456,179.52039390418818,260.1479533638425,131.72959926243115,155.25257342047385,163.58015829208247,262.46577786762566,208.2660300835188,253.56612449530755,84.31125202827664,421.851871119148,305.39612078690635,130.54524672905012,124.47085293980638,608.7451491316292,204.7860186863016,102.63256853142508,746.9884318212568,177.73424819604153,112.50499803051416,181.2656691891744,121.68054900618804,147394.9036200972,792.7596043202586,179.35273489168165,327.0358510730212,314.0723085558945,538.0129727293388,1242.5173973768815
559.3586635168698,99.43437510556667,136.85539648414567,126.3507347338308,131.21832397689096,145.1441486598811,274.2487827984717,125.2970594142426,115.1119570444692,239.4787230394685,199.1162013810635,105.01821613212856,314.119753507806,104.87141487037876,180.6305941575792,204.82314238930428,166.13936840018425,213.80221392186124,128.6957490927661,148.46494394619032,150.94783677849134,218.2265725736932,187.6967823194757,221.3718442627477,77.18888198836403,355.1119411821637,272.3814839624807,124.98947108513204,117.9338044804375,522.0102756920603,186.04946751218355,100.88880847070592,622.7113407329,162.3055418203018,106.12294713433656,156.68510766114866,117.29509018919816,134441.5417215372,757.5178923760019,126.83550721348992,301.46355154753894,274.1540506009836,437.40493370184015,982.8417907099688
588.8108221310764,99.95948588498932,135.95179796164464,128.1924124039817,134.54332765030736,147.2882308358428,271.0502245773399,125.6584602077592,114.48289265923216,242.08303282293824,204.14056327737228,103.52103233983463,310.3265302336612,105.2171475848576,182.04078901180003,203.5457943356916,167.33962239125898,228.031458462152,129.6142908354916,151.13025407958253,147.42372048392946,211.83344828645068,193.1737593487442,228.0414655655601,70.43702365047521,356.89811481156323,262.49583524324487,121.94356779298889,117.10852690563352,476.33335210542543,175.29960040651386,94.4246867298881,616.9297099717757,160.61900826878974,107.72218953646882,157.37541792900458,116.07967893280038,135597.26383230442,767.6137228217129,118.21542444597368,301.3650032851788,255.22664846426952,395.7834109643352,859.2945718825827
617.3291002132422,100.45912841247448,135.46422679384278,131.38570861457157,138.3829894264578,148.50908406477149,272.338544272468,129.84602100246303,114.3072173459994,245.5062179889184,204.7359908872223,99.0119814591676,310.3457543807567,108.0421728725677,179.43367818568927,203.15473833427583,170.58062862294753,230.9202690100066,130.4609724542863,156.09848776693218,146.25363753180227,212.3901090250281,193.9661625090313,244.1841808672513,71.62746035075712,379.5237252452519,272.1369492630714,125.4923716219524,120.55906432906237,467.0716187006412,176.23246558627025,108.73176176892264,635.0653383949314,161.4822346028404,109.42062417559724,183.4751927686048,115.63628032408565,137327.53404366068,733.5963516439579,127.97566643363515,302.7259010387182,276.75316986288965,461.3140900161443,983.091447095606
608.011043515983,102.49852196428115,137.07819160415923,134.15732886210634,140.97053741105177,152.93225927704597,282.380282272773,132.91520858717553,118.10844631544292,251.748321450598,223.34218000438145,102.0188495671676,317.0683024807971,112.87258522341976,185.7016271315144,215.74071364282625,176.07833202765605,228.9678727551649,135.44138575576423,160.80563590831275,152.7896140791149,211.2923390433892,200.06871166826872,251.9724093804041,74.49752964401735,400.66410432856446,276.2877336253726,128.3814079286485,126.00354696824152,530.5163419978865,183.5792202727433,107.22560983999574,609.5697056742754,166.66136531659006,112.38049881137624,168.60360509559388,124.84854711825056,141466.45296477946,766.5340573176602,135.41951107669294,304.8075429983818,263.2531452282577,503.3848500096155,1049.090512744624
572.3098921088355,106.17370264382066,136.24622051754778,134.88599068361134,147.7523471963008,155.90785024139365,276.7187582899455,136.28123371001627,121.14627368858464,250.68718653625965,243.438570169232,107.36890631189776,330.2700796770123,117.6268293214995,196.3937884735398,223.347995707154,179.6192554925872,227.082730172328,136.6640965187142,171.1681344614456,150.6002522517724,199.9420212332743,208.36771582300824,267.0614395463712,75.9183754234336,425.8856294890911,282.332021547977,130.35111328145683,131.61407559223505,537.3345059014415,191.62689185167872,121.12333305298895,594.0220354492302,175.29463936136528,116.5264181441598,165.75863191876846,127.36914396300172,143850.20947751455,796.029992252496,130.66475969138207,314.4316978373353,264.1229003120944,530.3916615194673,1039.5606318530504
607.4596332741498,108.94364487828808,137.5752197694019,140.55533041043316,156.759006919927,158.90857912989702,287.7679568984262,138.87235690176058,126.2578237733092,269.24910101459653,257.6538893448836,107.45871424789893,326.4040661415816,117.24224477853636,207.3341912826301,231.39715199546407,181.6059482825472,244.58562883841364,141.03880355759333,182.43559320602665,155.16362494011253,220.45361642803016,223.98032842158256,283.2085292508799,77.57637489448312,437.6041460257815,302.1427972240122,134.61670733338428,134.4223358496785,513.6596936067456,205.0249811110809,128.2333340207424,564.7985430386838,186.46311012450315,118.58321032418932,179.59529913873547,131.7629549282009,152031.35798045067,863.6841090016078,149.1661676085277,329.0075583366407,287.295304152703,537.5848359333667,1119.6773290468884
643.609038316919,106.90344658438696,133.40788079640106,138.632402132994,167.4380393528588,158.9978765211994,284.9752167470411,137.99148778660654,127.15904348793975,269.51316874235283,262.27691747262406,114.29697576798203,331.85033151796046,115.96305589405983,207.70038764857227,237.35512617129703,184.9456093248064,249.5275243773607,143.2898735772527,183.8957977511314,154.4427095431333,228.601463180078,231.05802834320016,284.9195463692078,76.55582818740385,462.304208313016,304.90703036331706,144.01075001980917,131.9994235502487,415.5764796424009,205.97550171516312,126.88702101086037,454.8370199332192,190.5207206086596,120.10788860149783,191.0258148642865,132.12279711470845,154821.69630593192,759.228889162002,133.61568632632034,331.7552150802184,300.3667637311732,522.4108886239242,1044.8732596644616
668.7724152647694,108.7203597584001,137.43831477012844,142.89686573088156,192.8560984989193,165.47793210788527,284.4570724889046,141.18836528746942,133.10748361472758,279.8195805472876,271.8770127359292,116.4852690010403,332.5395087280299,121.06452720400272,226.1590718089269,249.1138482977964,197.63264861971675,271.3668032265825,146.97190815097989,187.90335886315825,159.74738679886875,246.6911053217224,246.80334811496417,303.62884101447,75.83013768446841,489.1634788100894,276.4355074479135,151.27876077547296,139.24293362100465,433.29995554275337,224.20226533161213,139.71031147439004,528.247445477886,199.7532084697908,126.35095018537858,195.75173247135703,143.69484124545767,159020.90519975263,791.6705243217863,141.61310670162533,358.9940854735969,335.0109616717826,564.4352345850157,1173.5843151130646
638.3186092325706,112.2918419217951,140.6488128698014,144.78193000253742,187.4109177336029,167.4103187793118,287.80704337648507,145.95495947637326,136.97123596879487,284.59323683269395,282.9316069920369,114.96417483572964,321.9083140200363,123.17962591409854,232.3734881721672,259.70216044674044,203.7656707898928,278.0653607635009,149.05192384082122,194.3927377384981,168.2801861274287,251.07876557543048,260.2682992951174,315.7913145558703,81.09859475926227,472.765931915602,280.757083016117,169.4377155921418,141.6536828614066,449.118067332216,227.36366949864365,155.9126308052598,486.9287055971381,211.36745826596612,130.11729289642767,206.1619444126053,138.78363870978478,171349.93643066127,799.0971618521681,154.2598440351837,366.09196386563474,318.29599567079066,553.5593528013188,1136.206428875034
628.9848842589969,108.36947493588042,143.92533799788137,142.22365831362762,181.12181737483365,164.7652277634129,285.1166468308496,140.77056102671415,135.96644258895896,289.4753817683507,254.29709629326507,115.0887384138473,330.64006310056413,121.33034133499145,221.5918896653464,255.93516366112587,195.2943052027229,265.9009657766918,145.04364430375497,190.168102689624,166.98068138484328,247.98850276022708,257.5361107146449,298.5827950785914,81.17951349411652,448.8510727522081,294.34378621025604,167.52523188066772,138.54948595768357,449.2672632820976,219.23036329253085,144.32372771524908,492.6103885703364,205.06887853390003,131.36485391363257,190.6672691886918,141.3672477211443,162342.5646721671,829.851099402284,152.1935858407003,353.73381253271566,309.9964870747508,584.2437224392277,1059.8169033202043
668.7077191761925,108.66266381250291,140.93465952404267,145.81634252431462,186.6606482935846,168.54247132148734,290.67309054953085,143.29707765886087,140.83828414556805,302.7549074816825,260.28506380694887,111.69075507831155,337.8184120278139,129.05578638949262,232.99372477171352,266.5711311077497,196.82308520063344,285.203877078737,146.8875762172491,194.40250030984825,174.67168275061044,261.741265595558,269.72305706446804,318.6476681680128,83.12899414130104,474.51116935211166,283.2367001817344,177.27085227950752,143.38276939886302,396.2239448225109,224.37959897686892,150.39257916430324,488.75466460201216,211.5583347240324,130.88556282810396,211.28730883094588,141.00621811947912,166390.94448358004,915.45033230141,160.740900620457,376.1981749993128,323.6130812977723,579.0099944402715,1097.47941772769
632.8772177707634,110.499895756641,134.78935738865178,148.5292711912256,188.91546448064105,177.77929048556504,300.66670396319427,149.67187747290484,150.36443063494943,312.9653343696404,284.6337016028063,108.69508741306882,349.41982173964846,137.45992690351568,252.9270962521345,278.11925059430695,196.4151137568625,295.7174335857611,154.21024711671018,191.9986399771188,185.38000509009268,276.2747264991751,274.4127554489556,316.4359175119532,86.69528394903553,500.8784353128064,292.44760049355494,184.4547036010704,146.7844601744126,402.2267609593387,232.43072086410825,151.13756460274806,506.1812638437351,230.13023021340504,138.47138537696443,219.2614735151756,141.74036880920298,169649.38801648834,929.9386990967688,165.8767929366475,383.442540913282,350.2183867334066,587.1571599735025,1115.5905046521027
606.1487699464342,115.91722019390065,138.93339264167258,153.1998900390925,206.03282866095083,184.13856106445127,330.96007756526905,150.03920599757663,158.86493640938815,322.06631973067545,308.72451418859674,114.55999394779798,383.6243774156183,138.67637430648577,253.2166781643352,288.13935137722194,203.0583632948058,335.1291898515904,154.36538528583603,205.746314239564,199.54748567064573,270.975035716887,292.0107573247743,358.701137760376,90.95964284764877,530.8160547763969,315.2810359581661,193.8319346350484,149.00026027578016,476.5346546737118,242.3625462663356,169.83891052112853,580.4962198038959,238.368560467056,150.3587498114397,223.5418113158744,150.4218872288059,179438.5380295492,1081.4349313899918,182.18863604755308,394.5110066871747,368.87421910026194,632.2353244438928,1221.8278046056937
653.8772527602354,113.52374405491994,138.0143396373194,154.62531905155302,228.96355061961995,182.4916367670431,329.18400738701,145.7370574660862,161.26273573294634,329.17344723268167,310.0197105435753,125.5107759615713,393.6841495220031,137.82502955315593,248.7119386920272,279.84580298001566,205.1911705441625,348.1586329369325,150.90368043395026,199.98546240816825,199.01503886281964,264.96367870709213,293.8159249186499,354.92924695414087,90.00870414502734,541.0961848738197,329.2529987635383,190.13656986457696,147.66325503178467,464.2693246426155,249.8948608786595,179.0472221703871,581.9086851751351,250.68881870016287,151.76280327473563,235.557375043702,143.95465312433905,174756.02918462304,1097.0142714863346,182.7927554012333,389.2273927351465,410.59550914723496,628.7576077343488,1272.630789153305
682.2257392604408,108.50598327963829,135.9476710067969,148.73760901096142,249.28236821531405,173.6888826023198,323.952556794101,141.41513528841188,153.3051354085302,320.33489342732514,324.9366690729481,127.83206917051236,431.1352706378922,135.8926995121382,246.17252090020784,286.5031389066492,216.58186450334395,358.0197031443138,144.61749585676128,200.94258899355955,197.78988461422435,260.8625944702726,292.7939057863689,335.8033882080568,90.62200583668115,583.2114163962559,371.365502440451,190.575896163864,139.82528138634916,439.2238059608521,244.3163347864144,173.7033772940461,604.2437607555189,241.31294001618969,150.47780310308053,233.51708875373427,130.6865543512524,176501.12505949134,1135.8144388594935,207.46842660184456,364.9907411720215,405.236657040598,654.5580050495837,1349.0751798332471
664.2118305596651,110.53704929317502,132.49608998724867,148.09211717768792,268.34145738457744,171.17325582825302,325.3044168154352,141.2269924813332,154.18994949338077,315.5924038588587,316.02671792063774,124.73863471259835,413.65989885020525,133.04829635555384,235.9035825164764,286.4010334065371,218.51539019465383,346.70606416137826,144.5750891133875,197.6906562834081,210.2397468470468,260.726317957754,283.8082660869753,333.235457923974,89.8076306700066,551.2024416303216,350.5781646181193,175.58211032969555,136.01949974033525,435.9907718444675,215.82122366013567,162.91289109479516,593.3590656033263,240.75991602877923,142.73596148251016,222.04127514437727,128.5074734544816,177488.50568364287,1147.886375485318,193.34960431778856,351.7026645140467,369.4581696155926,613.8237756285737,1204.2258475301549
697.8857822813675,109.93140210416718,129.93858711601456,147.0861184177675,308.5161890474317,172.53933389320173,342.3188970598316,140.5493356312668,158.79026854796743,347.4101853700986,353.88867134081295,126.75834716220416,426.0845437739316,137.80404590548167,241.8333146896344,289.65311292839704,241.514281910005,399.063845263717,143.7762970427054,199.50254161319504,224.9592551769876,266.8170595208493,303.9938684847333,322.37914651319954,92.5409692683079,592.4713973735339,354.4900435975276,182.43633951027223,133.56662348841476,419.40231706671807,235.05154940633776,169.04977422131967,625.1784121910251,231.97741959996543,135.23780470749253,225.6879106604989,119.91506408549893,184332.0678155681,1117.504901881439,215.96873674510616,338.56999374273,386.6378343241994,666.8661809364295,1202.501963748576
761.4917898834833,109.84956581419938,127.24171515405214,153.284825482476,353.5956056685618,176.09674316616906,367.9905713949079,140.81414708293718,163.35500256167973,367.224763010019,407.0094749115291,131.35373922979124,448.5537629937678,138.04857398820536,231.94611364871244,296.35992663736937,263.4683090552236,453.66247292671335,146.52070865047284,218.81876528195693,228.6202072647138,299.0361001105622,312.40203563157127,332.1373122108409,94.78947963568729,678.1509659986419,385.6651902509395,194.03252205931184,137.22619693686036,509.0503821385184,227.82585569901127,180.103746871105,743.3405292171376,251.1025471104624,147.4850293067176,249.387129323434,120.64017071877832,192466.3047395652,1073.013827577672,236.2882451488358,358.01508500157473,373.394901582352,718.0937336029845,1239.6608680098675
755.530473912443,103.6283749446184,123.1139369624064,142.9579451267386,301.41143121241765,170.7391190393545,322.359103177184,138.97244578728692,159.0066502574204,334.5801660306889,393.1462826745623,114.9393810877619,399.97275109035337,130.95035352994682,210.13458417192084,280.70269503410736,250.231888992244,425.3811337430084,142.1052875891455,216.34205372830505,220.6926236896192,272.5092980124033,284.3109080123003,309.039441419726,90.99298403608208,669.7200181149833,354.95861269116426,186.4730910109747,123.91220626755448,491.23097439292576,219.9127269825815,169.48902976899166,723.4223976229334,224.3398153512589,145.86086744917029,226.8932063581464,108.85622715494824,184392.5474370942,986.4449008833444,215.23132468192773,329.7694733049484,347.46489871128875,728.8280538584853,1253.2776449438636
776.1758329986742,103.3931102036318,118.71003874489534,139.65812105149342,289.15071321502734,169.00415103905985,332.410880005513,134.0773846893194,162.31793633421023,323.8905993993981,424.4867518421296,113.86107167019163,395.46394189962353,131.6731904084754,205.23843125118887,282.18418773168514,251.6930682966856,439.467999859148,140.585882960268,210.070654812061,214.1749576088417,262.86029667199546,285.709229428996,307.1321344134077,95.18612355087654,680.1939233084506,364.13168134676414,199.3060150799038,122.16105682994922,539.9086084672618,220.210737471598,176.9129902732361,734.527842519293,221.6876347842291,141.30596741428255,223.320153577656,103.56576702649316,190621.11913186457,1029.3942919695207,222.356631513781,330.8166324828629,352.91352123173044,806.5061182142591,1217.1544957182066
643.7254217571694,95.86636515072172,111.86530270032102,125.5924060589464,223.966354488514,146.75359341636346,307.272120779079,124.96381116590968,138.10838813213098,290.33352376724787,359.0576851204344,100.61785209486104,336.64963367228825,114.63567508365092,178.93298255807713,246.68333114717623,219.5913186852556,397.9963864768324,125.33521793386068,182.55373254410657,195.29133498248208,225.4160162707664,246.72248276874183,299.32096906097314,90.14482409097327,658.4633281801819,335.55365887637186,195.1340095494362,108.62087311432764,488.3784973344655,201.5182379720074,161.30076835736483,719.1225784448928,215.0279754015169,124.22608507581567,189.80793157507432,100.90523426690356,161790.8630872287,1118.1773753899124,167.79963144426392,282.93240569778914,305.9040217466137,774.7317291026409,1116.2602877012137
702.7452039747742,90.53035351128926,109.85354326485697,122.9921748570822,241.98142993124085,145.4978829855854,318.1514707230968,124.66254160721256,136.46982532353078,291.57162634383945,341.8084127904276,112.68972044676192,345.818048470982,114.43024035119956,186.69004517770253,262.05436870013204,209.39450716550635,434.9347903603194,121.98613909774244,181.44808810256777,196.5048051791984,232.6765983727147,250.29344944383763,293.7434384756356,92.7373621489749,696.9067342734467,371.0734207091858,189.6910844493311,108.47786143955832,490.1679471933868,192.76839916777888,150.67522478645336,775.5310348314938,217.4063964706267,118.44693088884088,191.6664678564248,97.05863831854488,150797.1227098125,1142.9753306359032,165.28451258490713,285.2749475896832,298.09014127725607,830.7651288120213,1097.4504272700822
665.2735923367719,86.37161238033546,100.9777784194898,115.3015403390376,203.60239742002312,142.9161265741273,287.9603430949537,121.11392872039578,132.17415124067338,263.7619673714462,285.95916664529346,110.61121199806315,317.0262346368036,113.49764349571988,182.86516805269704,260.47236292932297,188.3619016801665,385.0444749912557,114.5159929670784,182.90595951837008,176.84053607670197,206.24769736287152,244.0267222028997,297.7603674730874,83.59847960101995,587.095379025359,346.91064169996247,166.74449283267177,109.23544220177428,435.4578706022032,173.34781833539805,134.68806513290883,679.495969145278,224.41469898900723,113.2287444908826,198.0592979028419,94.37721859979396,148050.38659045403,1037.652887210333,126.41986988030236,275.02127863156454,281.04396529023603,802.9414876818237,1073.4900808022526
691.6223724406477,92.22619637602357,110.23803401168934,124.94405360304556,239.5644766054224,151.90157536397456,313.7460953429171,123.36253858293496,140.41409123392583,291.12254129918307,323.2781230097211,117.31213946334547,345.84589895483174,120.31593855672892,193.32387923929164,263.3726867579364,207.3440102204288,451.9621096920765,123.66192326310036,191.95507147872348,177.3035151953391,236.52123106308875,264.4139184779001,297.69998439191744,92.7951978129482,562.4235717753679,359.4101717874429,174.24573696921505,116.81834158081892,487.6893773718894,181.01389447255232,123.80246065664208,853.2072972058419,225.5365055600853,119.85676544031168,198.3547174821105,97.3679360530908,157539.4419679676,1049.9337123763955,149.8793633654875,312.49316609996526,302.23816019911794,862.2623919276303,1295.913248331827
801.6469197893741,93.8109598483972,113.21992965840424,124.42362285220598,228.107407736974,155.39326743722864,338.1284643646492,123.22623627941226,142.88463169301468,298.3455376390078,291.07073328117974,113.74738493202764,340.3171380643156,121.08216394561497,197.8269639258144,280.25663972196554,206.5859810887294,504.7829093888662,123.82539075150927,190.4810995729011,178.06016952867998,242.5208225329721,266.74387903910576,317.51147564692286,97.4359018138766,585.8357990608703,349.4045189761848,169.2632651881408,110.75765492305268,488.1144507162142,182.2977060933107,123.61208504445216,898.904871813427,223.2156680811345,117.31438588983816,204.2807598567537,93.27438731263788,158633.37750601603,1029.3760169255488,144.9625927540866,323.9661936071261,317.9938969898004,806.9979631662421,1351.5145194476297
731.8972890474331,84.9441283304204,104.0620143988512,115.03509335835874,197.6812450566372,138.07547695874186,321.4153488119905,114.99329278635732,129.72639096731322,275.94875251315665,230.92679039895063,99.47124071510416,294.56600511096366,104.0877963078368,165.07355747946335,259.35573210125835,182.000721853004,458.3937994773676,109.01262343543954,168.29335667055489,153.40455034753208,216.8195811395164,243.28969351311383,285.9174608040073,93.9133285527142,562.339184407145,307.36995065776847,152.4356687923124,88.48882698831463,464.07093987305024,149.2947184793036,101.71598996295454,880.2512180645323,198.7437213565936,97.8591560395264,182.43135101097948,78.12643372933192,129628.7734615903,1030.3763870540809,125.17417120271574,290.609226928333,292.11582002938115,724.712178205081,1121.3746732053469
616.4255614930502,84.7605690086808,101.50113442556234,111.4003973546992,204.21974884390747,136.6703734836252,301.88564733888813,115.50224003396036,129.62551467602765,259.11051361780045,248.85430610392072,93.66542870795789,292.6006479577532,100.91445058825111,165.2700665938314,254.78268479303483,181.0806599876568,414.7834770254377,105.0995079632006,168.2586520701808,156.97453147046784,225.3562444357706,244.1153871432948,276.50722739909725,87.89936126558102,566.7042822667095,268.942837221123,151.9181947112247,81.85091519945354,459.7673013525852,152.99934923125628,111.1653520104147,866.2203698668735,212.7874962186476,95.3849230438514,207.4626990857365,63.46102692102402,131724.56131840558,1023.4396629906412,162.15425137100675,265.7588938478428,325.2694120551234,703.7179760037233,1214.5711161838276
560.7263074923895,90.9992044094412,103.28885461817552,114.25187639133544,198.71725881769632,139.78629042167984,313.5956551526702,118.83724845709544,128.98204147572054,262.7421997998775,260.6474101498277,98.0948437859622,267.28994433381007,108.30364221476036,167.44344471387942,257.9656087842712,181.6532717462528,396.075895871876,106.56144170413368,165.7946271271323,157.13210460194142,227.55998221983725,238.15296734046868,280.64779908148097,92.55280511873804,560.0358019319406,289.4703913599567,146.9173128822102,86.50739726405784,427.25104197030737,152.95526008566645,119.7654180761384,810.1070985023911,212.8715917348344,93.82646693041644,190.2130125075109,65.37185900771917,128043.94832495842,1037.1588166582756,155.4486196353017,265.0321559565352,307.2790151772547,676.6701430461912,1249.8759823040375
443.7602791399468,86.58188846451696,96.12381568094048,101.97048570917408,165.81455638420368,125.55964631620472,281.9205223147249,111.91603681569896,115.59310242213556,227.31632000409195,222.9419249229179,83.33164369589369,250.33899466878225,92.11287775731452,142.96215540903296,214.31622397498515,157.3380773814015,319.3583949367795,95.14367826350843,156.390323161648,125.14225750514794,203.00312047198216,212.340297207753,260.65201733231464,89.12000452072095,464.6635489507842,266.85538309385066,140.43255779765445,67.66917198541955,372.2832714112355,139.30797936486786,117.58288868596964,765.7639619128717,199.86266959029143,89.3912059673922,172.40841143905826,50.64312071815734,114295.523029413,957.5039692033456,139.48872243313534,191.6083761699348,264.9989324260559,589.7415338612727,1152.0053451392014
315.3548405942458,79.46505077408968,90.73872773706294,91.5382191223091,141.90356838946047,107.90406210916971,227.9840077827344,108.76470013243627,98.63481544747194,187.5289992231264,176.63620054902495,75.07412586503712,204.86803549815312,76.40443872547095,116.15023520492302,176.45637758145816,137.20770294920726,240.2662040118104,80.51280528533852,129.38557219535315,114.09590290681656,165.99492383293375,167.00809657816504,200.1614115226475,81.09540276223295,311.0908344991516,198.00152205700653,128.38489078211444,47.55731091976733,274.8041745990519,119.65323952320944,98.56011496946108,623.6037821744701,164.66320667125618,73.02800228816837,126.33347198183884,42.78703007680658,80138.85597254022,858.7383361263085,101.5440103304963,133.47358720969493,166.2961772140009,441.317708363998,916.7089862967308
274.7674491800178,73.48147760357186,89.54822147640982,85.58728360663332,148.2614014300018,101.78079177756206,214.82192247659768,98.81210298334388,89.74594255453259,173.21617013949265,157.68459039193428,66.91875062394747,170.02777795107085,71.91267784860942,111.8484776057488,164.31439695675215,136.28865220850602,217.94421412131243,75.87551964182884,127.12418667165566,104.295506721636,165.57937143521414,162.3517997594791,192.91396805667569,74.56627252880944,274.43894044091263,189.62955232533292,126.750814547275,42.59449797632372,192.5066184864185,111.4164815779648,97.90915206443944,522.1000618331822,159.95285711678574,71.24741204535519,111.30160108379128,34.775055447129176,72208.80778115433,784.57421876082,90.89672492628368,114.07553402506612,151.7666667172824,377.1087352734141,964.0495028391028
235.3495952766557,67.89040844691242,88.38641497117561,75.88224924344753,149.5505195112298,100.8372045523238,190.4968372103809,98.02646069347612,92.41505543575028,168.0389980042552,157.9024298296508,64.1285140423807,185.96877309509603,71.71380438845878,108.23936996176118,155.6410665939287,129.16197747085786,202.399065867366,73.9689024041332,131.2538353013898,100.99451495306604,171.70550267357206,158.21697435430323,184.3300521725625,70.82493485505368,311.3602007647222,197.31736110640065,123.2388395735498,43.064721647706165,155.148875863377,107.02612691161715,88.28585050058358,569.1656606502064,149.71919928645198,71.11009743732741,106.1155504648436,30.583512127983163,68166.00762082027,581.9737064070143,88.18475492258737,109.91726162353072,142.80319291027203,404.1727088841179,958.8562960148724
233.63327490721852,67.61287094638571,89.35694394873707,77.19033276494532,148.74845989844871,93.77113237472138,199.27565244919083,93.40564672602184,83.3890970241133,158.2398170052216,167.8321352662965,62.57811531786785,193.3414761153188,71.32537638454453,104.189202387911,165.06404462013813,140.73797203885184,229.6371574437333,69.06523535079428,120.87415332038036,92.02371749914172,162.8266269991839,162.04322149323843,174.5185586579284,74.75764100701751,310.7500477384309,205.4490529131905,130.76395974338487,46.059048660046194,139.05030479870155,106.32268020703157,93.70899174794292,472.7874912985274,179.86034619674487,72.65520686174229,86.42429262014608,31.09259531374408,68345.52294218833,525.4140031000877,86.45566230316672,106.43389436774336,115.4621485989116,362.1681029699232,976.3230347002672
234.99863054399287,61.16218300365245,78.99844585085577,71.5097244883249,145.32557650546192,85.62344657318235,183.7635753553305,84.00024585141564,73.58176155520778,153.68561987304395,151.79011715278108,65.64518629784702,160.34906967645307,62.99318225906104,101.46233633177565,149.47747461687254,135.22290199890222,224.9799986113427,60.10624094841014,108.97044721734515,75.78911306287472,153.5355311437002,145.3051342915416,152.70789835122605,81.05157991746204,284.84667089096627,198.2181973448055,130.3170605301558,42.20838493357756,142.51669500902986,96.59729738682014,94.7403574866885,418.416236257544,180.41167174793804,67.44470645088231,69.44009481720451,27.442190284448337,55874.60090143578,460.9365625936728,77.66488257617247,88.67329315603575,97.97830198041618,341.9504685023685,916.7603522643088
264.8343448644121,63.481843972558,77.15492962212588,70.95102688853966,158.65786275193074,88.70040072612476,192.20660631015983,86.83697591711426,77.84836460624543,173.15207458100315,162.8445451784989,72.71601363127026,193.81507279622863,62.73391592271922,106.22843248443311,144.52070464238747,134.58839703248498,238.29354391647348,61.50687708054091,111.98210608786756,82.25048442636259,172.6528239173124,150.68026927309538,166.05590787389085,78.33674453715776,329.6702918341556,196.16611510047028,125.09137465951656,43.1217186027228,148.98324815374582,108.62370660671569,97.92268355442532,450.19983890053686,177.9968949982597,68.61744852755093,76.1636832809963,29.077218718370307,62402.08956148046,507.087402959551,80.58475628045701,105.7312783170932,106.42100618340608,374.7340004330131,902.3013966771344
321.36506634483453,69.68074073160008,84.74765129204519,80.05232477355133,176.58830987678795,100.5338414436477,219.3089208457285,93.32023413801988,91.02934338179072,193.01377038125224,195.05796447954705,85.53862817564888,235.78244787811667,70.74398998224724,132.4944826529867,171.34110123645897,157.59367291995991,287.02163805306327,73.34174368827325,130.6273975193697,104.6792664809426,193.0446906551255,177.39406483293072,190.5896358369828,81.7728859959181,431.2076519235555,233.46281893821205,145.502465216226,48.54086054930947,170.02072940719722,119.61068558737354,104.87556589467914,520.9105137350524,191.77624783990663,75.66634236743907,96.39400300015332,33.182076336582114,77941.34870572978,553.2277020221339,104.53897281059996,116.40029682597248,135.7418256212163,462.160041697233,1072.6570806581906
388.3966345671502,68.76909437188529,87.51107334453184,85.32592347579852,193.8709458516119,105.5247649594386,248.83498534374115,95.63752913576928,93.41331901917488,198.6271596741388,249.5808244487362,92.29121848344808,229.7347269075437,74.55380169321715,134.4990052224765,181.6077646174955,174.22740464685782,327.9369338055744,77.55676644326084,137.9085590254067,106.26044782860336,210.1592901134164,207.3503557021524,209.17223700621588,83.96756598499671,448.4892481777503,255.3815113990572,145.73523211022382,51.92322279295834,187.6637183505668,120.88679757233524,114.39096263983843,564.5996678041727,213.56273891331608,81.76461631112231,93.54388933343472,30.420002123039783,86745.2043235079,580.4570164772388,112.38632107409468,135.7995806452799,161.7212467811016,479.2728259226745,1209.528633558947
336.9977272201726,69.51710908313497,89.8626923853819,85.00842829533308,203.6233429222381,101.97954942256057,237.4070465906287,95.5938347241656,91.03020417395231,210.3613054148876,246.38326475943984,86.04487980956657,229.51766261834555,74.27187733163585,135.51008702364487,183.5874391620104,172.98317958534872,317.87673385014585,75.090009804707,144.78678401774468,102.20606986742013,214.6365498361044,208.22794198977263,213.09046981345372,85.9004986317691,482.1425195006007,284.9826624394333,151.62118362561094,51.41438028138379,188.0243249928845,127.1470373422694,115.04546314353608,573.8455377472217,226.11323272106785,81.98741254786451,98.50742185523808,29.34357436934555,82019.37842715303,636.5500056216099,119.43830818952588,134.06338469015267,170.92857462207598,486.8339825172984,1303.4433792556158
363.4501461275374,73.9305628884703,92.7078839040232,91.89701445875744,223.2766833545533,111.50886549798304,262.9825861560553,105.08745625076172,100.667423652356,229.4293085215656,265.5042742856287,95.19162216778616,269.3080618815988,84.04708381772559,158.1029803073913,194.6446814811813,194.7107861169017,342.0861813208106,80.48644936451221,163.35978481500686,100.9536416971204,223.22151306441057,238.1102679582668,233.2108016159224,95.08133461332234,592.3297036412071,293.03215436243914,165.47097737299083,55.26674285714126,202.365342932253,137.2664578446791,132.34931153171706,588.8079757535744,230.08875412335857,83.82645191386605,124.92556384655298,30.54559830386368,89055.1019634565,629.4567244724906,142.70787270177843,143.43071066472552,198.24117228250043,529.5578152845544,1440.4620403611552
365.7158634784688,75.52704550595395,95.19439187045484,95.80282096332128,205.07703378347145,118.87022366820489,256.00561395822274,110.58014032468304,103.60103533152773,245.18792146357785,259.4558039584069,91.3761003281596,269.1905403505938,87.96601779560294,164.62971437115235,207.54807531911092,178.73480227557133,343.6955769015708,86.93934451578104,171.30822466932923,108.14036879128146,233.03955534069163,229.609819286555,241.9844980468845,92.17221172507288,580.9121209378777,296.64342270090054,163.45695183590678,60.24387560941753,215.98114417810444,145.00499299790215,129.46499518247384,615.0660796450902,217.2349749514117,88.85980893976217,131.23842468329096,31.789630120633426,95411.43907543272,675.803628561557,149.62135694945343,159.3549724540756,221.1767154055704,573.6947478951347,1489.682769057528
403.6059427930071,76.99123268398564,91.8492302646045,96.67752172597524,210.66942643551465,123.84429609596438,269.4741108316866,112.51038445527556,107.64927605583568,268.71954264811177,282.76640382858,101.11552707326524,296.149415862704,93.50855610433688,163.04849187314636,207.95502053316105,189.91416290561045,388.7164012983922,91.47885195167775,176.81205295124593,110.60708219273414,235.67055350816048,238.4794926651009,241.563025393574,90.914953226227,637.3315571549031,327.85430315333303,167.0575519056801,63.49832146699831,244.77440961804805,153.15697906247732,126.81130777410112,623.3934643351265,229.15848280638505,94.53359150183589,126.5162495804483,33.55121858793262,104500.49015779312,638.4527241351667,151.75954054967116,165.97852529770344,232.98335778474257,572.8629960860815,1699.332116747055
416.6590454677091,74.76940286759493,88.71126856505964,97.0090419793988,222.15341069913424,117.78689680739816,253.1578063129588,111.98929432563033,102.40147256834705,266.39226065183766,268.8844292733907,96.04587432802158,274.9720837151879,90.81177698913314,168.97065439461412,200.17380979048465,193.2897819319141,395.5396881651465,86.1535853520054,173.72898385163586,100.84631812339632,230.67257461096247,234.42687400237267,240.47689382303275,91.60478237701486,607.9489109662874,303.89482229010633,173.21985942480984,61.70284842376065,237.3175739177672,153.74762675792206,127.66151501113332,601.7606563676662,228.8019513848845,93.70686692227196,133.64997732931712,29.63060229791712,105436.21313376332,578.6296533673219,146.7993414203187,155.1478595392661,233.72703427400387,591.3389174207379,1530.2381149590738
413.9494518393585,77.79479433353173,86.28702504291418,98.09732545898218,223.6851306403344,120.24086652038024,267.181916924874,111.8955208542344,105.80646050793293,269.91836683050064,286.47330240917773,98.04110482773736,272.35119580853177,91.05301322652107,166.015216082472,203.0763339560957,187.6076838792497,420.7416325814591,85.76114168244005,178.1677422380959,103.24709584190865,238.9849624001211,241.6114035295043,260.0207221318044,95.4146023898873,617.1652571216931,300.5350705353484,172.41278597903096,62.911422995804585,199.09228392618647,143.36068200751197,131.7805437838684,590.979220000345,237.16396463785856,93.39597117700656,142.51699847944377,30.23939296520133,86914.69676894574,513.2753678480286,134.7772409935702,154.37390829954944,237.76609860798385,487.4968365098835,1584.5257414545993
438.399350534422,83.04434071773892,90.98874758210822,105.3532840670919,235.147356066642,128.7969766079919,288.2575260211484,119.01103153812558,112.05777339351324,287.239917876342,310.2636656460601,111.34657730802174,308.7221082588852,98.83634245493802,172.15376290447162,205.9394811793836,200.4110293948184,447.2154956352796,90.70648995114117,182.46066071224465,108.74686456806464,262.53768167407344,266.6601248965742,279.7293942442459,105.61598164567695,682.4760775733512,337.5444841840662,181.5621377880319,65.7110176272266,207.22515725719103,155.9564473289256,141.66717439695327,600.3154244395496,269.1650238496525,96.73466605951762,145.47271644365878,33.26883668584175,82585.64222886751,524.8685586005827,168.74587731998156,152.49617836457176,245.73056721791616,547.1780762729157,1712.543708658964
458.9604687587329,82.68914440142623,95.70424865038014,103.51586961488286,221.7655446399152,123.12196575884454,275.4838137953767,118.74268059001665,105.61566755551418,275.75036461345064,303.30337304563375,107.48524682340155,304.4526392660688,98.40581479520662,173.2814464601026,219.22435497375213,193.2475621530454,411.1235899102243,85.70707466694638,166.23380170783574,114.79948870495896,256.6642367350639,258.73685223200107,270.7518500660041,109.35333587939772,718.7140444482566,329.9128609998364,185.7698551703285,66.07115102503121,192.99556954958,151.33784160927544,137.6488021661204,593.0916224711008,286.68632060802616,89.63782741499749,148.48095411980887,32.82180967411317,76363.95677195519,511.3627629972677,178.11502129606262,149.91886626666414,255.4618145894456,606.1459279086072,1807.623448121367
448.8004777183667,86.75942645497169,98.56589024599369,103.89634830406114,230.8240188438774,122.5195498987784,296.7133282786006,123.21670625167437,105.17649005428316,290.35094214344105,313.08712674138195,105.4575342196588,308.0192834873155,95.64482085518164,181.55523124328863,220.41631393126755,204.51216913017336,437.7221288457519,82.41481708714494,156.98090850027688,114.0975419548353,260.5252128411607,265.6256409910773,287.4750771182193,113.76279883984854,705.2370028678873,350.6035378947395,190.8589819905564,66.39731243455181,186.32099933572536,151.61253632912863,148.14860803535257,640.4290974485775,289.11862744177097,85.81809585329783,143.59297623960254,32.11662152503951,70177.7250620784,630.3085374899443,158.93609755011744,147.1478803488393,247.0126795085224,626.3449946516142,1924.256024371483
491.8869323971981,92.70200871087512,104.37559390781546,111.0385328048435,245.4112656807541,131.2508255367649,323.97495108620166,131.2530738585463,115.67428022490182,317.2174455293123,344.95403389361866,113.54350362925469,339.64283906517346,103.67985782535554,196.38128616606605,239.62731475858925,217.66975616398105,473.6284901822586,89.17410548172849,163.88203564978895,129.03571010206778,291.115402797474,279.177310823642,319.8464614345675,123.17537448585428,796.1313457576935,405.1272521481429,209.9738793582828,68.96307624083137,235.27134277165203,158.9678382918974,157.27118740860598,695.0396506742904,286.1239599469637,92.04856064399551,160.79120488111485,35.090420653146055,76042.23266560126,658.0278870701484,186.0146535617364,159.7192677451059,293.4329638227677,649.0844591090222,2004.0133273108945
499.1244864920813,95.81965825266322,106.05031040376214,111.72657741622146,248.84866822248955,126.78105108239208,334.3726623169704,126.7418878413234,115.38747734160368,320.9983562307143,357.6275849062916,118.48663401497043,365.13657845127256,104.9361687033334,209.38072340218727,257.8963239483749,216.14263699662416,477.5343041066037,84.4887001686985,158.74192295920955,119.52049087096154,299.77946841535305,300.51169252438586,325.976268319546,116.26595003160216,859.4829064086717,401.30036831836645,222.89549571308933,67.55444170358254,232.712700703608,167.67667610197768,168.06199642962702,744.8283263190726,301.25757010441083,85.40141317320672,162.60429306683864,38.604492004995016,68511.1104264555,662.1184669906304,203.2156499820926,162.94097192949525,299.64930675646536,719.940949182105,2051.632418322108
484.21623917245296,95.39714755739092,105.62461301239632,107.88999480183452,254.94242336298385,119.30969082127169,337.39194281225554,122.48338168351808,111.4879930931414,289.7398949660732,356.5760468895969,115.78929839698556,342.95755567787006,99.97658490858534,195.3590812942004,247.65239700808203,219.3152225410452,463.0587287993213,77.87045106871622,143.42150845234522,112.45790973377174,301.0500690281997,296.7403880741357,330.3467576637641,112.08829928729556,860.7123205943305,423.062515730544,224.7950790044965,67.48151620523774,220.82351118351795,157.9122584816324,173.8059258945878,726.397020966797,320.3680915503983,84.27699881321597,150.26769734826132,33.53332157512521,55072.579316690055,651.8624579406852,194.8363513723785,147.33149284533258,251.61198655632649,678.7745976292716,2184.893019165268
469.0317367027508,90.43906419760022,103.68693698311732,105.66996073884324,258.560072183631,117.66134888818016,320.3533759145118,127.9354653296066,111.4321248301094,283.8809511833241,372.5252878031256,113.75388659691556,346.7263521486276,99.46606654008764,201.31674053436507,250.34111990767136,226.44296667065385,443.2994991598552,77.24619600166582,143.4057636328248,104.86779503781132,290.9317475548169,308.44320552450773,321.4495266209317,110.81663736663614,916.5436919879518,439.3198340101676,232.4643227202701,66.48205560559512,204.5836040195664,156.80884142630697,178.5407219755967,742.4707359774959,324.1628091525229,83.92314014905861,138.89831124130657,31.081622940507547,49995.42531129628,645.1474041384288,196.5434546679083,136.93832702979475,226.1217269517009,621.0102966011032,2292.9235857742133
489.705440437452,90.94226196217863,100.95743578416648,111.4088866303975,253.7162813267109,124.33834457319254,322.6874170546217,126.07161434141148,114.7159566743322,299.43589242054463,352.7936876336382,116.60807628402512,350.6055425991138,103.77799978274574,211.40075647369585,259.6013615836375,225.26865280104863,474.02941252449807,84.12265640117121,164.44677792143514,110.63825668525882,307.96757274037503,313.0060988826333,319.88971238421846,103.1237785947301,914.4608308016676,438.3160718262556,230.7353985503748,69.0138488474911,203.4683918526528,158.13538064277157,172.5524953686262,711.039777562982,341.5421769653591,87.52066569584336,156.27897046339544,31.24214719281856,61391.17683228916,663.7035488720452,214.3253494894693,152.00263535015722,241.1384129099889,615.0161405900601,2441.3457928728644
475.6941401634172,89.0188927745738,101.1234379277218,111.93386691274624,252.91795590500385,119.6969666946946,324.3245387836247,132.45256985354268,110.61957575978133,297.4697108557938,356.43226660796523,117.8043962002991,350.015721870306,98.50629802758704,204.1383623475825,253.41188396909985,233.3522882800453,470.1895146415392,79.80909372238517,159.2832199981241,108.84582299535263,306.61822624639746,318.5441435913751,311.392087966042,108.4208670565083,911.841386297246,491.2074564649868,251.81672488468124,68.07114624752724,204.7369996502821,156.7164312586783,186.3095141216185,745.2266832064518,375.49586497144,88.06895958354328,154.5441128294948,27.0863829503179,57054.88333829284,721.0711420522842,216.56097707959475,148.77104307701393,237.81872104707773,640.820241381403,2730.201188342696
465.0258915544583,90.36579171493705,98.451246744153,113.55320023260474,256.7739335108033,127.57374021155468,325.3631730101313,130.05587469183374,116.63042107219502,314.8581496114475,385.8490877957316,121.47760455786702,364.4844796509883,103.75269623399844,225.25354528377892,264.3056597018543,247.66058884872336,484.1044397572109,83.00647932887102,163.98355318807123,119.06943421793846,327.30758516386203,320.5690368252835,321.51220588827425,110.77296929039689,967.715920480002,521.774470128442,247.8956112122614,71.3378139536083,214.6356351973172,159.376877098639,206.85743078286487,734.8790478229324,385.5186755185716,90.76081607706898,168.81504793547575,26.89776202718741,53291.44128450426,744.6276557471696,232.54774707455653,157.62528969267134,257.7294372897117,616.1742455635745,2722.759287907676
469.431911158185,92.22402104368835,98.67440456763134,115.93506285629344,262.0282821821012,131.68000091928195,329.5206310644381,130.6575143914412,123.50249447100096,318.1265562401518,385.14758035042826,122.5842386916125,363.469876536553,103.65045656416191,222.31493611904307,268.4490898313697,248.63113479780696,482.28772589613817,86.75127087406089,168.57915765375228,121.71767222617387,327.02166675264056,325.35842261159075,341.7343102121161,108.37349868893598,977.7280054739308,522.0224339034036,249.94200517628653,73.0291427438079,222.9732912661132,167.4577015051187,206.5233770613721,734.9727955608596,384.1976730527983,97.35470706420077,173.46296741133483,26.96054100539382,56593.87552946354,758.3819658786454,241.11436718428985,165.53034039043823,265.62280471284765,601.0085649984295,2832.195577442192
493.6835859747236,98.51130037573054,107.57087425442936,117.69475106962796,273.11754389850705,125.1955431093114,355.434798289523,134.47224250572904,125.16674522843368,327.9023302618972,384.37192878300016,132.9470704009694,388.2454139037722,99.96123721256896,230.7980623635408,268.4142608882628,270.4557642818873,490.3034615429895,78.10246523193625,143.2107686366471,117.99653564356464,338.2042397958146,341.67936308291104,372.0007221889705,113.64642388543513,972.2979843223974,559.4529246370353,259.28958234042665,68.34659018149748,224.3202175082369,176.21843093897596,191.5189773038712,815.9926645711842,414.5292661663447,89.12852007070437,167.4514829213663,26.432592930774803,51066.31074244051,785.2849179607626,231.71952282440844,158.71016151400354,226.8297925632492,636.2168767833629,2626.883516972416
530.0134907365549,101.93310393023636,112.3312206742726,122.53847362383424,263.12101624043,132.08282882844267,371.33429345558966,142.28936837566462,129.955659059501,351.8074438566529,401.3332039652728,145.08455537502888,418.4568447135344,107.54413940203784,246.256538904722,287.93142727644044,264.13215060888507,509.58206154173166,82.44863247515241,152.30168030508716,128.2632956801081,376.82586180385465,348.32934784602014,381.7725237015732,117.95445243942058,977.538686460283,562.1156818315457,266.03122690327604,69.98221714106404,217.37042310120472,180.6613924993889,202.8898111008816,842.8788622234866,414.9824872220216,91.75196958744397,179.294283440266,29.13441009843177,48705.39894012711,808.1473627538309,218.0201786263338,179.20109622971793,237.6377569680843,657.8780908307041,2626.55960710386
548.7275711124687,102.10460726328536,110.05757553371016,122.27261107457498,256.12961493269603,138.21900303899477,364.82144809993207,138.78862115919594,132.61394518064353,336.396464143909,341.4246507801538,146.50986105236603,419.8864861451426,109.82822719268007,249.5045631844345,287.3976983467188,262.843056618294,477.7118940692061,89.6553798284169,169.2798679472089,131.14058741624467,323.6867290480328,340.1383679784878,362.9569351531297,112.17453444872234,861.5400355058003,501.5155945587767,262.6002172263003,69.78345899007132,196.31607065242244,178.58437870051958,177.8037516993946,833.9551198905924,369.06239567169297,94.91111345685331,178.00044585259528,29.18728165866236,56117.09156294518,785.2498489285987,192.2807291816789,180.8444437770425,259.382533393096,509.5100483911854,2516.4692727060424
597.7224999884539,104.68232418464008,114.22630678021096,126.59855244261774,249.65248346244144,141.98136004390193,388.4545287093208,142.64539889809947,136.22810546068945,349.22700900169474,332.9232128833192,132.66412164430383,390.62938349850737,113.24662007590442,246.9257053728901,299.49468026491337,252.27717871268592,488.3580664114793,91.48689455014689,169.46033169463513,121.91622787477338,341.9111497658876,320.7094450596473,363.3478980186807,108.65314842270918,906.5698517468164,526.5353588126574,255.8081714096072,71.12683044274651,178.26479241602618,175.5827838313977,174.1277267858878,770.5151175122922,356.53966328255405,96.62804024782238,177.7625902332409,30.90059413161852,54984.00841047237,737.4390495092351,186.32429710603697,182.3162095580483,268.1361857434251,503.0286780603628,2438.526211407619
615.265906364868,101.96204534547618,100.9619308215847,120.2169449651088,255.91489675834367,138.06049199854814,377.9260184534684,136.5099157012154,132.03488622501882,347.36751573372226,360.0180861259223,131.32815276516058,424.5534487595543,112.34329286677,245.1603315974021,297.83846351283523,248.6742137726365,494.1403528659839,88.67343148752053,163.58887974321618,123.53836536041798,349.59492861509807,327.2190437253864,363.0766056951248,108.69024884800426,967.5461843341016,553.1765788965589,262.1893122568823,69.8203389955189,194.76013090387937,177.87729868980549,185.54820870316937,807.0356023960679,361.1286590846159,94.28950986215114,181.2118257349337,30.01490153575092,53021.39049369818,691.2866964335418,195.27443507449527,179.59784832673623,270.0143909410164,477.4434398262305,2488.859883229323
595.1760399705408,100.48154592716016,96.92475741580245,123.1310326158577,248.6848898385723,142.4619936613331,365.7197106852749,142.98699742876585,140.37685169039608,351.44225535070365,340.77145457623715,133.95769090189697,432.78080403132464,111.04826946762724,255.80616694337505,293.7329760233592,243.7784932544694,469.4459801902181,91.90788939549104,168.93816712257006,126.24786927427704,351.9321749344631,330.6884244028231,353.4247656469189,100.87417664577086,971.7607702651486,564.4104150364681,255.6065879226376,74.82023854971654,204.0894422862556,184.215424976112,187.77066481503297,802.5119270221077,377.53246363778015,93.87295943963484,191.5222553048192,31.82893944607192,48442.30384644955,719.573393456588,206.07149705790988,176.34995714468846,288.8812194429088,425.7344686606776,2490.3456426328203
559.501714636607,102.5057266552612,98.39730417302344,124.29930059253628,257.4662724331715,141.61210726541734,365.88927048846455,150.65244437707648,135.826944757406,344.4803746225349,336.8142808833143,137.62944114812544,431.1462242235378,109.04784707990926,255.30494883955387,288.76503412348785,252.9843190362686,469.2920470977424,87.92489930657804,164.6263831422736,117.93596578438516,344.3041295423966,334.795924829138,352.9920830572407,106.43875865389406,1010.0269337906732,558.3596665232542,262.9037673565204,73.71380095595585,203.2904452137612,200.08948263196945,185.9464893186088,813.4021061147247,386.4118543281449,95.42321785270371,191.056984761382,30.781216164594696,44230.11366889899,688.885765360931,186.0304457555765,175.40320090494225,276.7484257328912,486.46398494900296,2630.057815728788
558.9059973969836,99.86787973084746,98.99515398794718,119.70061839646375,245.73438415376577,141.20797517027754,352.41490212930984,142.86720428459003,137.34049743513037,337.95791059939813,339.8725346157486,130.57217280996065,419.25170541961046,105.01914065884908,239.8495344774744,272.5253825603154,241.073903373925,463.7565100400103,84.54509111776335,162.76401791792145,111.48828167770274,335.4268316458846,326.78637578261123,353.43549457659407,100.75960388328764,1019.6149929801755,530.617049482152,265.7317259586554,70.01286900371136,194.9470630643843,193.76827901247813,187.2225702863715,805.6642350130201,383.6255780626235,92.55492013038597,184.27781522834564,31.596236496553303,43343.79012043215,669.7589330813188,183.13838151540224,178.29808617628566,268.8906746397506,461.9546231549222,2579.7622831896792
573.347013864112,98.7652630034727,103.41771400589566,120.85261469113756,245.8899854472444,130.9031643734238,347.919172213893,143.7750843584983,133.17163763841756,333.48590094226194,335.0569129360762,132.45403377791197,430.4690148719897,101.3582033541331,230.387456651655,265.336758206761,248.14718647487047,447.7580401035138,77.40524218848523,152.1119546753708,101.15120417496588,336.0350081875907,345.4217136641831,353.79694015970125,99.50608821817367,1102.9042648101772,597.2991385023632,267.58268756782803,67.66759479105828,193.9241937897399,206.7792784625017,201.57920526101591,814.2326024059694,366.2302797812699,88.55577947275123,180.27437344062352,29.558570015509662,40597.08565883322,644.4846073346498,176.84474564998982,168.09835723079985,251.4062029292215,436.5466920327211,2528.084025242465
494.53377583955,93.05142577675136,94.82741216940371,111.79832377533438,222.53950098036088,116.6157743916403,334.8716948383909,133.97705582877308,108.2186261282726,318.1288859573985,293.1004069033383,119.98871625051206,372.0408032088288,91.44904795315134,204.3024578879064,229.1558736039528,232.5577889915368,417.8552288057799,65.89737625021475,138.6811287874755,97.03656470756064,330.99495675925925,312.26442110106103,337.81253763388946,86.88874695787595,1013.812265533361,551.8783432076121,246.5591606330995,63.36506906497466,187.8503507388351,198.231146281545,192.9368018811364,808.5464502766102,349.36586304329734,82.78950638586707,157.06826125730709,27.56332059191716,29222.416020796725,621.8984004814133,150.40316279704814,143.9453359075236,208.514826909363,407.4198245205423,2528.20695696902
427.02351276190393,92.6295486044079,100.08679105579694,109.42978577554511,198.56795373435403,106.93709666142594,308.5790632738294,127.37860049147884,102.40494376048277,291.47958184933543,294.03319518168576,115.19677240948408,347.62729335859035,88.67924239543396,190.12462694489827,223.29466439516537,208.661423956118,365.9839964101759,62.871279052855705,136.63772021261587,89.02449889802467,301.5845637725739,288.82972369172217,306.554454984686,81.09989051392913,979.9271146933456,490.526830604272,238.40361988514155,61.200357728129966,190.95365008368225,195.01505363351475,187.9503804830112,875.9364640746963,305.6667045205854,78.01170085474989,133.3690879196102,27.06896292744754,25008.341406697225,665.414708756267,167.074076994241,120.03626967059272,161.48599655460126,395.8125905019536,2440.0244068424413
483.8895200249511,98.85217114774036,96.03898430069928,117.9538656742732,219.9661736825377,116.09876028377596,327.7747222814756,132.84577966442737,114.37005926956292,328.0766994162482,307.0589700973259,118.39864143996029,384.810526177686,96.42326611975956,211.90566335984352,230.8316611079996,225.8972433731468,420.1798508381655,68.66847257004947,142.9426908990154,97.9119251291578,316.24774447975165,307.1995299016003,335.84712829781887,88.24391283534379,1022.2358080013692,530.5403610509493,257.85547396528085,62.0536913519508,185.94124512472348,190.80068537384068,198.86938019792467,857.201004755875,347.4959967439893,77.86128089034656,145.63160122756133,29.36921843059208,23055.63730511011,662.6528814591054,156.8297142292112,123.05892854583232,175.28897400737262,417.05592654168873,2504.2212481753227
495.8943466933816,102.05651927593593,95.11607939354964,118.90572975734324,208.76827024534268,113.08179905453952,330.41842482423266,129.96808669284738,113.52689356472338,317.1507207048275,267.3602639041103,111.0747517751717,373.39000865603646,94.15722812300169,208.2555355623109,246.30927825055176,216.81411939806372,404.9592516553808,66.12544781087722,135.79871805883468,94.90941743445973,328.5310039723192,292.53362483913656,341.407859664255,84.8044730752507,999.1914754137006,532.2884841900014,255.19195919900147,62.66269551243363,185.63085196562017,183.9574938949524,193.38747489208896,891.0179256419352,327.7173092991994,73.63381403767767,136.30174338790232,30.864408285636447,18860.037424146863,674.8820927229539,154.07933514678825,113.96698994700768,175.0927665786054,387.3367981907675,2403.545407237204
473.39030049975474,106.77512611974404,99.44997953303204,123.39308254860238,221.8597640421844,113.47246300702707,334.9578374173409,137.08482088234817,110.0142343328076,323.7418683017931,260.6064569785088,118.6082389216894,380.5457260836028,97.67116899692796,213.8186261263709,249.8896384810372,229.22761428819567,411.5596997365811,65.45673913935607,138.068685315302,90.27277287687497,333.4888438562341,295.4566514091533,346.74078255893244,87.71677143488893,1070.8457214415007,565.1283243656487,275.24958845894395,64.64309845076218,185.01810033002272,197.0492736235492,207.80920239010013,942.71644625587,341.39110910011965,72.9609576095218,129.47826502336545,34.23602738233716,18737.83178786954,686.465490107595,145.53804112187137,117.72549677694522,162.95340272646567,361.2948529001422,2578.002852613267
534.7874381655907,110.83516225936395,103.08041640333502,126.68592956373446,243.83008570514303,118.72458319370088,351.8476086426682,139.4053489398244,120.62137154469096,349.36737177666294,312.648325780539,128.20039329240467,416.85401177396665,99.9247108779942,224.3344811038679,258.72928102325807,248.8221218279137,470.0667329506824,69.04217196071731,138.4173006914105,96.00562321668404,356.5931461875926,335.47468345424704,369.37378307703824,94.93176253456171,1103.0999053723726,606.7530639631703,285.068060169651,66.6127416201549,193.5627756495716,208.85101957491963,227.36330250264632,912.3860100618896,363.64702699245873,69.80696830699968,147.7989823258248,33.67342054909092,23168.031515539817,673.0199378881923,171.15531705316062,128.76517857680574,197.4512503231004,461.9336276504461,2796.0760245289543
572.5682509925325,113.15696873682576,105.96324436125371,130.43277352968403,254.15794839178932,124.4412140907896,356.5300739945497,143.4456153945652,127.95333768922252,352.19921941555924,320.69507899304466,134.77966009796702,427.7813214091332,102.08149644401853,243.0819506353,289.5590015981217,264.4255458154535,485.08133506518953,70.9556978296335,137.86380413285676,101.62052644428611,373.72204350026215,344.05117032621973,372.3799168280414,90.7270923441178,1065.0284626394946,666.3597524687574,290.9777942704548,71.1748896676651,215.3915533687272,211.48101870457123,233.94438065638417,925.566059435727,388.03474722380935,72.35570670745884,150.9682544572574,34.928718572984664,20857.1590507204,659.0123930804831,179.32502445764104,136.83687306268985,205.65188889488672,519.3527440089754,2940.068940532261
543.2269015266702,117.25260817105092,107.86511246924552,129.4581977368884,237.7182592135924,124.1344637059559,347.35560500678173,147.06085817442388,129.67032825619043,343.8211992191028,304.97751167998103,132.36373663028266,427.3954670495659,103.49983010182558,238.5175606497854,287.02313683332574,253.45681804689028,456.3405691910659,69.48474928430048,130.13366336611028,102.79728561956796,361.6318331483787,343.5462219285172,390.68139360551567,92.85302333931683,1086.2695720949243,666.9793795377972,291.25114287708465,74.97521981913238,211.3367701657648,223.47973345597563,245.44197630235675,955.0420819144192,391.8010621931925,72.28716970474794,148.32986600491404,36.53547124888848,20737.9096620632,680.0833325846668,180.2921235736732,133.65474728650824,194.9891679281436,496.7658193781559,2967.400250918506
529.5975919281764,117.22205648112288,105.06329778388094,131.9273554697295,247.68060556864023,117.39605910537152,351.21492332811783,146.07654994071598,126.33110535875846,352.6518721843573,292.3341588677607,127.61622211966596,430.5921375366322,99.77178799342578,235.54101370673865,297.8768284693913,257.08321786037817,430.6335593241053,64.00420098928942,114.60363554521928,94.91419916812644,366.3180139855072,348.76991576557424,391.02364008831535,94.6429549072012,1086.2720070520422,694.5629805367731,290.76396090333924,73.88714392494823,217.0549999740246,226.2113445955385,253.755723874249,961.2797958014976,388.4251561017296,69.59873339854936,144.78144831253368,36.05656682280877,19521.834315203465,668.1859040518948,176.37879337721455,129.04463422065757,197.27043162020595,500.0845873820063,3232.7458995862767
464.8916945299644,117.678392134873,102.42486013146112,125.0212157152284,237.13013449101692,111.48949798217802,335.54281826211513,139.94072012306026,116.70495231948192,328.68524832206083,276.6395485581457,129.74208051874288,408.5652164022169,95.62516635571166,215.9693332782693,280.8761758830619,248.4383273296699,394.4216272591552,57.41383971614036,101.3736306372664,84.18786841412981,349.79242079241163,335.2349814050787,369.0680166431856,88.94288096646927,1030.323990358453,657.6202864906179,298.3131625911243,72.48058478989812,216.2222276094249,219.7619363808581,260.26573890428176,1009.3502422791812,363.4632165806863,60.5558681879937,128.6284037266251,34.97893448125172,14573.854193246989,687.748087770875,166.35971690274204,112.6138629844488,165.9505140309912,508.6570645815922,3200.20497727581
494.0963533379117,119.12652091760567,104.9235523296354,130.45567200548288,235.7949982365774,118.51187475443442,336.2464698508216,144.9458097351419,119.15991449993123,342.5006032393444,289.51805847759897,125.74273098366974,409.72831131328513,100.86557095325207,229.57204696803643,291.8406081273686,252.95074052041275,388.6161628535901,64.1229798565994,119.46017659778796,84.62006586271767,358.1273629342786,346.86871542415986,405.451851912222,83.90579337646237,1056.1052323602062,661.0867231974643,294.5259186730567,78.91456034852003,211.01219897752893,215.8312564471115,267.5552948809588,951.7691869785614,374.26290938335967,61.9210183428367,147.02227488389235,36.58462428778584,15594.203523743585,679.543257807274,190.8921563073528,119.00141278441176,189.651641198316,496.9119831494731,3111.073666564644
507.9677265197224,124.37268309412188,105.53650729071028,136.00131640309505,246.43244056325565,122.15071022209234,354.02689022948425,152.6357504341379,125.88206672156583,379.2128666251714,297.0710128928373,130.54455413537983,437.46464320378135,107.5801785512046,251.6611819845654,316.9431956890596,269.78911845162304,406.2366312798888,62.47777137998336,114.33089791236166,87.84096552568785,380.2572095976557,385.4662949268285,427.3083460517476,90.06913870267077,1151.902304780326,698.7049905190459,312.9073348802962,81.96058494915688,231.00572190183465,238.3825883152235,281.37010171005426,994.6172259967968,384.5298924610127,61.95252076938229,149.02213871089654,35.37918525773031,15749.976513372434,671.8881155452963,204.3968481457028,121.7513983643414,194.26538561581464,529.0817524108921,3266.302491448629
506.4383164425449,124.27090080893844,102.3638373466222,137.35938523910784,233.2212215536452,126.333565528076,360.5805640166951,152.51132076837436,129.387860875681,371.1786273853184,293.518468365301,130.94958437038792,423.72924205198,109.51719246431816,246.1067817310885,319.949385021222,265.6139847452867,398.6628075277921,67.72126600400254,126.43618682811837,90.75834987720344,368.4619387235103,375.038544817491,408.0693211365381,85.99997095825522,1085.3154650508172,686.006004150528,307.6412163451464,84.8402425803588,225.5633285095,233.768063533885,268.0706994885953,986.952612931409,370.4555352802108,66.44196411813678,153.09612533754853,34.43924081523548,17098.26305214059,659.3628148643511,207.97221852755249,120.88098942074583,192.8601993431448,562.3094939947688,3108.43199960872
525.8748154695702,124.80490917703165,102.6277734309765,137.75676025000337,243.4500828338336,125.30790882858872,366.2812693971517,154.08678609663178,133.92192022705123,373.2322600318271,329.65470366461216,137.52914285386754,444.02863425924966,108.59780698533444,250.5365420996312,320.372575313094,280.80078535677774,401.5480339254063,67.98280051288407,130.949015902482,92.33586134917864,376.2342394452679,378.4263762384453,426.99731612308346,87.85583133762707,1119.186761792411,724.6515943882749,306.02391747993966,85.66200918416125,228.6592082960628,245.6085982890677,275.3913114814472,964.0913565281136,373.6852058277981,69.03066263358961,162.8039999513179,35.50404965051429,15432.30861351952,689.1381681123365,203.6647087933337,125.75813483304564,204.9745943048032,601.0802908639934,3139.3603846796755
493.5140864976454,121.62183445999416,99.98324101214806,137.63829227659082,255.51274804383468,127.75893191873244,362.30445736775096,156.99907468589873,135.16421110021298,380.35217286101295,314.8704614378564,128.19632998456433,428.0802638353029,111.361779832143,242.85362767158907,315.3871160982469,282.88585474848907,394.92646389313353,69.75643810512514,133.79992118141436,94.16506896942413,363.6903329791256,370.03710761515526,423.0681862459375,87.96830072411619,1142.3563218863155,707.0679417246226,311.39097370779405,84.53278379666959,235.4355075977253,246.8934613847293,281.0754831370117,951.1383975724568,365.07198233021904,70.85253831014953,157.84851382131902,35.01708215005398,17883.57345315579,665.3794627614742,223.30636910283152,133.12022221292352,215.0475850928144,577.1705882742832,3303.8444260699703
493.4729981227013,121.85493042080688,101.97964343427374,139.07528118253452,259.3289500601831,132.62816253444282,359.2262876494861,162.581150283122,138.17954970175057,383.26223714397696,327.7214437291251,136.90122339180664,437.7843142312588,114.41962755083864,249.6537578436475,319.51966182479765,290.89784694394257,381.7049519782564,70.93364100763944,135.7526989261771,98.87530655557843,359.1840874673546,374.9571767952909,429.0305811239933,88.97269357203552,1099.8786157970903,715.2309575487462,301.71941064397623,88.2952548882222,234.9443669540213,249.42524907072664,295.41121606482403,929.3077674343356,352.11946389178746,68.84891883491801,165.86485746988234,34.14316904777114,19070.512089335178,706.8085729573704,223.06728798435864,139.87695290794537,206.0732853143616,490.2784227814437,3243.5460770571303
510.436736345534,121.25415326901135,105.93244586321072,140.03204914020978,268.14305295927534,135.52129182134323,359.78897483640606,162.44765677278932,141.79849260208778,389.11966575002566,323.23773736062435,136.27051462649212,454.0802953142299,115.97602264843896,256.78849908123345,322.98621409535,289.5239855275394,405.4339841992296,72.49248529505071,140.0305161338449,101.8341250274421,389.730835315503,380.9876066924969,440.6157177644564,82.32618420888697,1103.4181637647334,748.5715629613384,309.68530713291926,88.82511947658915,232.0505920410131,250.7865368618624,299.63984810330373,909.2297204780808,362.281857015576,74.37732473907113,177.5179660005473,35.6436526983101,19284.728721854524,675.813400935747,235.31830792492488,145.9429599284394,197.01968993569884,523.2994831658264,3449.518812266343
512.1675803713963,123.95614170887534,106.66649190988488,141.27475893226787,271.1804630846475,138.9708760036659,355.7808742466741,171.40783022578626,145.1118383368766,398.7487539515574,329.6804965233481,132.67222898024215,424.323200536561,121.684187358692,269.5859330237856,349.1900200203502,297.63916119956417,405.1962822495096,76.68918943123136,145.04753306536705,105.70502374269655,357.44025547295354,375.37649403210094,451.524931180555,80.41581362998193,1095.7634072451135,769.5527200247243,286.4752759691442,88.9245428095847,267.6887644264329,267.93567094082835,313.5921743395752,931.41975077087,378.3257144463927,79.8494710515114,167.10114567610975,36.17057816060152,21340.46958432467,682.237768885198,232.39888599758865,147.91214363960125,212.6532685520113,497.48634444482,3417.087397941505
499.8332174848395,130.26438984483778,113.70286040226225,143.01949705710223,270.48951699347987,139.41541917170423,364.1036588953016,179.4239328291646,144.76245317470722,430.1727746681215,317.2057916156947,138.29505233178082,462.1785048540148,118.00884829477025,283.413633267882,351.47576394533894,307.11060148405903,410.24441672456135,69.59940850114832,141.7665812244761,107.80303319154116,363.5791115493714,390.3104157416977,454.58799377003913,85.36760092744308,1252.5139055271009,817.7861240479652,302.17143612780205,95.20369190231553,289.9301003088969,273.8161678678168,353.85332179465576,962.934199981276,389.2395091292698,75.93232892953824,167.02317136406143,38.898144899355536,22900.876410308185,695.9803868248565,237.46751163725705,150.27245345987268,206.87932108109752,502.87267498892976,3357.776826276976
490.33416242443593,137.55021958559593,121.4142145369471,147.34059559283892,262.80984217205247,139.91295216052762,372.6380799471172,185.52575636192503,145.84546353198755,435.70702815376,323.4010004945249,139.62001827410185,450.32560695720406,121.93694209203736,288.51242905771346,344.827819843685,307.64106727406534,412.9159637109194,67.15478533579375,135.75197311955824,107.33806031467326,364.21983443011567,402.9429369239095,479.9042891150671,90.42764199867436,1284.5868713744032,845.906175506922,315.11709088882503,99.28454873731222,299.6147223787873,284.4023306775581,364.9751948194513,1008.0551084252144,388.2339487060482,76.1145316796866,161.26179623460527,41.20938867020024,22576.16129340993,694.0031305770088,261.32183051838416,142.84306996792898,188.856500322692,479.0579726938592,3309.49736519106
453.61006193729264,136.5761763360963,128.6273015727248,147.9288647815493,258.8809474381968,144.3513410000953,357.5876856540924,188.4938536544129,147.59054501771848,444.1914598765514,328.1596912318642,141.47595997326323,428.0475807342603,123.0071417176218,286.0199175649537,349.21812752416844,307.411327642265,409.2596029812528,73.17667291270487,145.85412323614125,110.19299486076392,353.73355534900026,405.9217326868031,457.91161794298455,86.672992730523,1276.007264878744,849.9806307707331,321.3508414320259,97.92719649715526,324.7631123860741,294.73478384492546,364.456666492951,1005.3326487211996,365.86795702202994,82.20748392548583,158.49089441388003,39.63249656189221,22008.6627304928,718.2499598931654,259.4886137810988,147.98446760043927,199.99329209999684,465.1988078530828,3102.965402593155
447.0416278096733,141.76035400751348,123.43868242212038,150.67004258540263,261.044132717585,149.56480462742823,361.8336861316656,186.86875303198224,154.7992131373083,397.1930572766597,323.9972761001669,143.8067158109125,437.4682945012293,128.87354387397485,287.86031286820287,341.18894328467496,307.336279381286,386.7487544047509,75.43817063927129,144.0989739859041,111.6362666491016,340.5900546048039,392.4091952422936,438.2080304905944,86.94024121770647,1244.3831210867866,806.9506552470566,336.82567616674294,98.22283398490045,353.6302011696744,261.14517284291253,359.8575029256468,1077.437256432517,343.15954679208653,78.92260839148045,166.538182711886,40.15866087954747,20632.19224823657,743.8602880533047,253.6072718867848,148.71049114343364,213.0041933941418,492.0726582353342,2933.3004139414256
414.8136551686664,139.38629476464237,125.22455765261756,142.4156605279064,242.0707984847081,141.89966840137225,340.60224401517377,182.7511948529204,147.97850588576134,370.4760098379989,301.58021188557314,140.1244715387805,400.501492359818,123.8715056241123,267.63943972275814,327.3085788231139,289.88983630324674,337.2753819030333,66.88346101744709,133.2543238408119,106.5658106702592,333.11031171012297,372.8543344478039,421.0791857761866,85.3585387295031,1182.3845271327334,763.9595827343006,330.738134001453,93.71917269040934,334.36022039397085,251.78935925807664,328.73838469584933,1080.9680612115712,326.5153179560228,74.67778360918322,151.89130266473677,39.233048264743786,20080.18742272352,693.9857083661445,218.2478553061872,136.8032520293346,211.1562289627157,427.2145926465736,2836.306025482052
442.4915000416447,143.56797313708978,123.32310733286025,148.59866997225646,246.5572254117761,151.54196284691747,352.5598252763554,185.7862779714392,154.25661287101622,372.91354765908767,287.02129197328816,138.33479096155185,406.51703508317166,133.2173289842565,290.92036840844065,347.1165393225168,295.5657384493629,325.12815586414933,72.22779564938556,147.06119314532296,110.77686478057096,334.0114338578839,378.5232462160257,420.0593249339626,84.59181806133637,1080.157119487822,725.6910683599282,315.0948984727788,99.090310030994,367.3182148643752,253.72130220596583,330.03373488555525,1113.3856045963553,290.4025734415306,76.43830728570661,161.7883334289063,41.22030518106414,21928.527127699923,698.6403758160435,203.0044554007536,144.10044220657008,200.24809238995903,468.6863578887234,2935.663796681433
448.9404243560818,140.49150138113447,121.51610060620644,148.99661799276203,254.31112402477223,149.1673856304896,351.6445707849254,184.6326614930342,151.30692072034856,381.2744327375252,257.9722243019633,138.64681120128893,424.87017223150025,132.54523483595435,284.32184836284546,351.28184578458536,293.8505615281787,320.53139431793204,73.3640731028265,144.38231709540918,113.62701357868404,332.003388977227,360.3653929138572,395.21921400482273,82.80576264428257,921.1392441163532,648.6309851536108,304.4560804721622,98.29007665756563,353.26874097685874,251.22346437043043,293.23154106724616,1110.3856841259771,287.1565485140249,77.78866117617414,166.64036073170274,43.270976239860566,23153.387659446027,693.7515797470179,177.87337152453583,150.94951637230434,189.4183134560647,442.9493974954104,2960.475696821717
482.37976834645286,141.32115622474828,128.25734651274414,153.2245827287676,260.75233937542816,157.2843170420209,355.9192254759362,192.1108767194771,160.1631395066292,398.2380399586589,274.38821501740205,138.7454728993703,441.8941003412209,136.53749171555998,296.04348065683985,357.3247674280529,303.121935105027,351.0549270082908,76.8353837192437,160.78397082811202,129.538767605246,347.92946267646624,374.6828167125449,397.4513922508885,83.75859758858212,863.3119123719429,695.3008765482642,308.0589095040124,102.23468004377769,361.168880795016,283.38585905743315,298.94000151101176,1077.2538745595557,296.08603584995905,79.38714962536292,170.89623668268294,44.01901485987968,25766.745321693343,710.9764384372097,195.46175812636457,156.21364996757055,192.8802551614634,461.9013566282332,2979.9721292837835
497.00602587637616,146.90622607625744,127.7041835787253,157.90874100372443,266.1481194135829,162.95368692235016,366.0262442711429,196.1791864986926,168.58067092480567,418.59626289888087,302.05480473149464,144.2825270731484,459.642304220172,142.43105692160685,295.2543032504971,361.6910582900176,308.06686367867576,370.6864969725099,85.64181978348456,174.86139168625917,137.4288874543786,364.2359280506671,386.4016082695349,411.74906723674,83.61994482602698,940.0935023590702,736.7915226904242,324.4593264976144,106.73333701731708,369.8057196679079,287.1172580072958,321.2404936723448,1090.3582756345752,297.1816195952806,79.50666573996524,182.3920081457574,47.00749996853989,29847.629880804325,714.67963990496,205.02715273653536,161.18497254776574,193.3421029599737,504.97557317763,2975.159904237303
465.68557241232094,150.7668558042131,129.40823361398816,159.2612931014872,278.66495392905733,163.0977084871253,362.1522169633828,197.08231669852643,175.48532227910383,399.57279122201214,291.3672748598727,141.87157705623304,464.6798066765074,144.21925534017026,298.05139741926814,378.1397987016528,311.0130582595494,345.5076973675564,83.9432867469836,174.067178885741,142.09400266932377,349.8576151514013,380.0567204437269,422.5153852945402,88.66559295781275,824.2165200680533,670.8698346959469,318.28610518688845,105.8231205657274,364.96642706727846,271.3416631931359,302.0641137099849,1150.5017926222276,278.07124432237083,82.02355481029628,184.80983325136407,49.075135309299775,28870.74626664236,695.3225365471585,196.63776172066852,164.9668352300792,181.3662985484235,503.0661441771764,2693.960337974685
464.1635649651898,152.89576504808733,128.885592398127,161.67017618433553,265.9044338923611,163.80441750895426,363.6101309600262,196.7816881867886,178.2262645629455,387.80537432334313,297.41791388798526,142.19020542448163,451.5912514096239,145.6977951377973,305.8938015075857,387.05541644947976,307.7436709837153,325.6776541041488,83.53039235354696,175.93686180237057,142.29546205884657,349.7284226348237,370.7102434997771,422.4723023531419,87.37372170540799,807.8589972822123,611.7262305882259,319.0468402211627,108.4551549211386,421.8851497752014,266.9947391585354,278.94717240415423,1130.7824692438571,270.43776357655395,78.98290351650787,174.24034540147824,48.13796563678947,27870.664090150472,679.1365688380193,164.90462652067427,158.3683447444019,177.5386676121876,541.6552663758348,2602.767165385899
445.7562975834536,150.87882573655594,126.6145002020036,158.0989144261986,253.5009681441092,159.09656833167983,356.1602363583072,197.13410986429696,173.12041023476257,374.7721463061943,292.3632986444888,140.50345943626573,435.71432329993326,140.28165283466447,300.181674471084,408.5850368624664,296.8315430546289,297.5225999769621,85.7989585687721,176.1841642792741,134.31498532555796,321.3766476035528,353.9691033762183,403.5748432240488,92.85236961213168,860.6051632961079,612.2124132688425,307.79854620728264,104.09381327092348,470.8911014074188,277.1613397046644,285.7003829371481,1235.4640980951606,241.9102578090939,78.66663260373888,167.76065377736492,50.65486458088254,28431.26690841317,700.286612201663,146.14233963081324,157.80602881187616,173.49155013798963,586.7695977572746,2326.7457888302088
420.9794127710136,154.13491636229557,122.9627972528126,165.19985685559578,254.01358452675856,168.48648512981362,363.1430689470884,205.7031710699272,180.36395483142005,394.1850244658177,295.2466359440938,139.5280409274763,439.8308486054861,145.24837772385294,314.2283147405929,458.2748010330516,303.454984511451,300.92413509325576,89.7456675716319,179.68863184122077,145.17619296451852,342.7852171856458,357.3296980497948,379.5215108069792,97.19457594465877,926.1937240263476,624.4120513171827,312.7071663838072,110.94832729617671,495.0338252832856,290.98057713717566,306.139600456439,1296.330814233552,256.0415468459174,85.02670962993437,183.4662089733293,58.964608912665966,32498.739940426865,704.7124465972651,147.60184644824972,158.13448532726758,159.27042781617823,604.8589581397234,2359.109746698478
422.7723414939381,155.45203170900095,121.63475920999429,160.29617860347466,250.25457766651527,168.52924852091692,369.2035293326443,206.0568343519012,177.5928315859796,410.6785932299355,321.6248512123561,143.72685871731738,441.5851853295494,147.20678197971748,313.661171433539,449.00862442041625,297.33320642898235,334.7259890271564,95.69684500763408,184.30252490591053,142.22057675200978,366.13758900840384,367.2771130673796,401.3877371929569,103.49837354292234,978.8126721710386,656.7978171389482,317.6592138962658,111.0105810638438,526.8718846126951,310.6180682965763,306.6383506106534,1299.92222470057,263.79163179533066,86.64456340003306,180.1984107922932,54.86750867024409,32913.54793776833,755.095698421693,172.7528130516751,153.9385523022952,162.03910607755327,591.3175169740633,2735.54872463175
399.2090677210361,155.39862981778066,117.78485075559529,166.5604828956727,243.08090292340736,172.27176013971007,377.65561284135646,207.9919317756746,178.04417815536075,415.8530524118048,316.1636529771002,144.5643715110172,446.3118448401421,143.9911780287246,312.4800388111023,448.91994612068095,303.267182858526,345.2252858692765,96.64349853336984,188.62606584027296,144.37583220256676,362.8524768504215,379.5407740718409,400.1783722878548,100.87148372059646,983.8993402656936,679.7509133639251,319.57680065636407,112.73504504190444,588.8196509237473,321.61616551413863,317.41085342455466,1405.4089916388364,265.9363071683576,87.3156109321795,178.28637080895157,54.99537702567967,29673.00709807051,765.050943641664,184.34157089132987,153.71107861786732,160.3448776254409,634.5950169157234,2797.646212962174
443.6871490208983,161.56224438223876,124.52364417553642,170.61715448571516,258.5218082116044,175.68022619162844,386.743237805664,213.6537130748569,183.5379800384095,427.2033408141657,352.02278478350325,152.68136128596825,470.6066302332821,148.008769152369,319.7509158622865,450.8766931633506,322.8685344505728,344.64063608753366,97.12773127529584,196.2502022504258,150.52883243974316,375.590603020316,392.9610143237695,419.0602721101656,103.4082815886473,1003.1394987524508,668.5620948803182,329.5473159362842,116.16668617335804,662.4564543518048,306.31132334029496,329.0495615565313,1587.9691558168374,274.97361246458803,87.44526157270259,181.3665790134668,53.72814562030276,29895.889634360417,784.9112526893072,205.7396575439048,155.27656373923955,183.5814847583932,619.3743093348893,2843.035046839565
472.4635983726628,164.3902853132567,130.59502502449928,171.1280815563819,265.8225304174685,172.52865380044787,408.3616294802771,211.7650460129489,181.7158666346567,424.86742424631154,364.7728603926012,159.58246849293076,472.9194706846727,148.92576201827706,312.939756171893,466.35715386017176,324.0242462345206,362.1728019318082,96.21679316199946,198.83268738704808,149.4042743505256,385.2577401505152,390.8164682500823,430.52985204422765,106.4770129923802,989.2118131511407,711.662999208578,330.98913598695714,117.38696056245692,501.2574259377896,308.95094461978874,336.66052440324614,1237.8968531996377,271.3801329653094,84.97027977090394,179.407343095571,50.27116363038606,29563.986625905105,736.4125860486873,200.130129862575,154.0271485906083,170.57735412438353,601.7214287783698,2970.239336094704
445.13219015072127,165.78966604399844,134.4091290499081,172.89946190077205,293.9985224863761,165.90588185215907,417.5433123423188,208.07349043829012,173.9719541832222,447.199633148364,377.7905091293927,163.42814755971602,492.6917026377871,144.30742353031042,310.04862052246256,465.7423190469845,351.87350146245154,377.5234591417605,93.17061184535592,196.935710201758,151.83844798897172,397.768387467296,416.6759723256542,446.6217266473916,109.99405101532572,1094.8612066945104,740.542040227905,338.9832004168919,115.25126175553191,599.5476491381396,310.87002499370504,347.1924228070333,1423.7023899495643,264.0911540671793,73.19156914238172,172.7804421872991,49.59720647313154,27731.821315893005,771.5029782668298,212.84824827075144,139.50737965156114,154.99414119934448,686.6838019734378,3042.8688339569644
443.58655257328354,175.0563451946036,133.5670395815276,176.28535994457323,299.313021215308,170.40007365328543,433.638157665935,215.99897954842703,175.13722823233138,458.9619979548437,393.60737000574176,172.0036380876873,496.5773778021914,149.60178240449778,314.246039278144,466.9050879466513,354.05754848454546,425.8256970957221,92.51142604118924,197.3631246203273,154.8627212630392,411.88382994349627,418.4703864620509,476.5208281434866,108.67013350950064,1097.1387205119308,793.1496656321693,348.5826965182736,120.03998107464872,608.6968876691657,312.31483272570733,362.1910563867759,1462.7668929763229,267.01343858976657,73.22369316349517,178.720235331135,52.03195838963445,28123.396478770075,792.7471636308343,208.83231845174552,138.53773390177275,157.1701982618977,757.7064213460636,3155.3990493063266
441.53438611493993,179.5985146484708,138.28086057034574,174.2376764829022,292.19006608029434,171.32958261860438,422.8319559233403,219.35478739185675,174.956020915544,423.9534380561433,404.60094046843057,166.79527697144138,475.3056367331517,153.8381660108083,319.4874590902901,486.1116222151626,342.1131736937262,358.6852478165388,95.19715576621958,199.3741874192068,157.2625535865057,389.9744034532477,418.5268731931272,476.2249469839599,115.5963823754954,1108.7598503335994,830.10308424865,347.3531236061494,122.46488476254054,667.7904224322509,304.9727345190714,379.58209449292303,1579.0399495801491,271.1790297937756,69.11397354254515,189.4634769016119,52.73117305812121,25629.57125208761,824.6714608797718,191.3638407616777,130.8969945877986,161.1498439886009,836.0015349668404,2952.492498917529
426.1019586878782,185.3884113300135,137.60609864896014,171.55796231339352,307.3012207143636,165.13546697683182,414.0682933424816,219.52596614451093,172.8310823816827,450.0278176309767,424.0674369036451,172.38011509347317,464.11449534651234,151.74693233699722,317.0676225971432,478.39383830603697,368.3938208628153,363.4109157185532,90.38680575131072,193.12165995642525,157.81362467610052,419.27584114220247,417.1522916474045,477.9455265164718,115.23660155478184,1121.616263074654,832.6992771374771,350.760980574943,120.9595807812591,600.7426201577952,305.902420714147,380.7462056340715,1571.338361028197,271.587294728732,63.69148652766589,184.00876526283656,51.96112673637607,22010.18004141494,799.4157441185803,213.1949960717615,132.95244761557686,157.921705550815,784.0705494605683,2864.689238442953
388.85376442084623,191.1260115281528,138.72051952583894,173.74845373372875,313.68061683627747,171.73487205493203,416.1697435575132,227.9672140116289,184.75698004229025,423.8415228248065,433.0156202339568,175.70315153426282,454.56781388557073,160.96368194291682,327.0340140202914,482.71451859834247,372.7813138544597,348.08968824210507,90.92198840406252,199.86967707380228,163.6116424870075,422.7157603936596,424.53081542546425,458.588083325729,118.879427087002,1135.388188725355,847.920962561134,335.7577918047125,128.6774919303618,612.2940348411399,307.3599885733784,387.0484970878031,1571.256674297034,270.9112064207299,60.262765902840734,181.5706454691309,56.060628780121775,22707.84901822301,767.2062893815596,230.24906703210544,137.1575842467309,158.75063866785993,797.7805273588272,2498.277041063948
304.0422222975696,196.2081901016978,140.86610423183632,174.18583726821373,326.90909133214035,168.02771164773904,420.2942883977767,223.8890888158332,181.9337988945612,426.5363916331952,419.5274240698426,177.08046383204714,457.0509735413026,160.17234553078134,322.04666419989104,467.9891471259545,368.2261506865658,318.78595753405426,86.05620945051734,191.0318506242106,160.88797946985562,419.0201905619302,434.92020907130825,436.1866020997512,122.15244079607372,1164.5588786046224,811.3632719534861,324.576246817626,128.59346238145503,546.2960524751286,326.36988586433733,398.92607581118847,1501.7735642822447,267.8880983708778,55.546770939690106,170.21634988220504,56.07201919788034,19056.46389519732,739.3381031837803,222.9285360466066,126.6625697349435,146.6897314119459,797.7012943567788,2376.813702042853
335.6296258957268,204.39481641368383,154.580242438829,184.8924654519793,358.4823955576179,181.475145683411,413.113307596166,241.6986150570265,198.5463635939158,449.256586351322,485.5949583432909,191.83934311971927,501.895171488369,171.97148584386417,352.8194875486374,511.3498981979126,416.69398518336345,319.8031937906736,92.29201213905458,191.6717974570676,174.41150083080117,469.7883634071491,456.5944224051937,439.6438916168658,129.45927180526886,1234.2026786826932,899.6259320664011,339.0852596515939,143.9883272416877,552.5683406285472,340.6168101195318,457.5953267770117,1531.1677429808158,275.8523622800834,59.00366788524521,175.72402183274252,57.792108344584776,14458.326330354996,796.2715242633656,237.187350154832,125.06046933547071,146.71959252393756,907.3305664215078,2315.6479468861016
410.07377410303616,217.5077441765304,164.95396890806458,197.6746194430448,372.3409318989919,194.50829017761336,440.2919526969754,254.30176869040244,211.8791136896673,486.5149849989739,497.6175224517699,200.0732263775849,507.7317119148005,184.5326859788896,379.17858352963145,557.9554627954205,417.2540945317693,330.846052003749,100.62730637278922,206.61920445068927,182.67446320981728,475.7754231268576,459.32310185183377,475.1947879701136,130.15778007132036,1268.4964051821312,911.562845010434,352.7901332618795,152.36566430024425,604.0446292506382,357.55852519181576,466.8773228103393,1625.2033104049108,294.3063054571168,65.43480668341341,179.8552842582454,66.12589817869005,17426.70744660063,836.1885717822751,216.886715939833,146.42508148641707,167.87704498321347,868.3085545884658,2251.297921076069
421.7776516148943,223.77254738724363,174.91304544887234,194.36808287260016,398.22035388358125,198.208992222475,444.9166274276226,264.2133927948392,221.95537181179407,495.4336556348585,498.1761740992552,207.38910492768628,537.0074131406873,189.3201003967994,381.68188142832594,610.6886878196352,439.76956680537694,306.5799923449689,103.5850039405809,213.99905917796164,185.77446956506503,487.2838568124449,480.6793576107502,481.8595006308403,149.94001605964533,1343.095958642266,935.7992713963916,359.8237551761444,153.49963862353331,582.7892453178929,361.1370594071277,493.9403219597226,1636.727742337502,301.517682662719,67.13045409359594,186.0204812663449,65.45168947394805,15171.231986468096,798.9447793322106,211.48215672187817,147.1460203389105,188.4344626863124,910.9666613439236,2165.761949444233
467.8554053046853,216.3715162438571,173.5841563284269,199.18818220368016,445.3278766719368,199.5875038401645,455.9839144009516,263.31704625025407,212.2366456257841,480.373706774212,446.2551586592433,207.75260375696067,548.8970039773316,188.8525501227228,372.6948051153258,618.3053445979297,459.9906231804408,343.2089965562873,103.38392501637956,212.2757417601929,174.78928220487012,491.9046774371208,493.09007622673937,465.9647240260828,142.3704178758543,1160.662696719464,897.9393249360438,357.8454418317849,149.4178431548995,643.7357731050794,350.52234777695566,460.5120284346498,1607.6821497025448,303.2385329771816,71.25312085798558,196.92700506930635,66.83330579666216,15951.35776261234,797.12172266923,205.90964158200748,155.6624588370628,217.97046319186165,851.929044798133,2415.526808627764
437.5011027022489,223.94555116994545,179.72770088520625,203.3435199319541,438.3116077210211,200.05559243952263,444.9302986195195,272.6324444294672,210.7791207070616,477.4520876640568,469.0104652527771,211.94654398649072,529.0097806488003,194.71749574265544,376.7052693906207,626.9624462662144,467.7471957021673,309.603355050342,106.71448601423891,209.82844498797743,179.07079176876667,460.9224749823505,476.94230659825854,477.9639258135355,145.70877125781763,1218.121581080602,882.5193699077654,342.50625224805617,152.647865249084,613.3769370889087,333.7064039112108,464.6802205421385,1549.4866024149562,305.9663872623513,69.5377034801734,187.6260949297365,68.42742560674061,16160.25604375015,764.2617255079078,211.1775072050756,154.444815123613,208.9708450076835,864.114491825803,2166.895762871039
420.3340189522612,216.07980364273385,173.81608829472282,192.9515249184628,407.04127647921297,191.64187432752627,424.91016225376194,257.2406080284054,201.9930378764416,448.0165293605063,462.85337719153296,201.9494884356894,498.4067898330556,187.61391793931395,357.03937034477906,602.531954349951,447.4881544542609,316.08227366183684,102.3339243970112,202.05649103695967,172.1026479664099,466.3282175884685,463.0645406678585,466.0532207351897,142.35738056381354,1112.3648343411855,871.4276687034214,319.49652773467426,149.5053508486761,621.8709532299201,302.57772821890416,452.5255362071295,1565.062669262256,280.3092159441808,66.00261239369428,177.6362311809804,68.46339556954526,15385.81180900098,759.5267920928007,205.43061494394848,146.3515561936888,201.5620580233819,824.316908668537,2159.998131120293
397.56031526820624,222.1539706367502,176.11207625280204,197.9530093123597,366.2939401282302,202.8393288436584,412.7588689129639,270.94533360297595,209.1774692214086,450.8504688492003,475.0586183793664,188.79020248306327,462.1986028453272,197.3626353918788,364.3900202396721,644.6694402577909,443.7541577667737,279.82485402373885,107.46797763933844,211.25403660434225,180.089722222397,442.91941877383806,444.8274905536638,458.0047428711322,162.2516601185604,1070.2819130666346,811.2870832777855,321.0130004264476,153.91245344211418,637.736375627537,310.1775205026326,449.87355753672506,1515.7824270967983,267.74480784724665,66.49730776491184,173.3952618560393,72.28490963666025,15385.811809000978,758.510439297831,195.3422540289644,152.47020358175996,213.24127109545435,801.2351374660898,1964.729850716092
372.2886663120823,205.62711824837257,163.55996401406017,180.67694945659048,318.97808774847914,185.95073204567623,380.7189647106657,248.9961083474111,190.7749482686668,393.7832882232556,427.2840942872997,171.32792770962456,429.5025852389847,178.468591011925,337.3146920855547,602.7637680317757,381.3188453028845,236.83241383700545,100.32906019336616,193.2458712034438,163.74560270847832,404.1996817580481,387.8660033453616,422.16587153864526,147.340268888877,965.149789840227,753.4353206171438,268.4511044220537,141.15869072322798,572.7210169122695,288.3423418303576,411.3957973633768,1465.8008611555367,254.6253168813368,60.68319804654921,165.1598050176592,70.02511897738717,9834.138538297664,682.9733607968129,172.98818261672892,138.62262981496283,196.93408696204372,696.9569913366191,1700.6051987810115
351.5400512749957,200.8403408322527,153.01690495967333,173.28936195454298,314.00753914614046,178.95307056098304,364.1511917848076,238.8819685654192,179.6640219529597,378.6579881245527,430.8645564481865,167.41261736774482,438.70844198139866,170.60381737582804,323.73618507926346,586.923050810247,374.5040647740717,209.4912423203056,97.69657190209116,179.2610097224386,162.27322536422432,378.7434240599134,372.1755527647596,409.4742488955284,134.21351777825487,841.413266712971,716.7623986764057,260.76520494778987,137.50923698363704,556.1452864954207,280.69718319637,404.9727859032244,1459.2719230328732,241.7653280941797,58.27286288204618,158.14080370639678,66.17958901128443,9860.917267239987,694.5451180380479,165.08098369843907,132.9514128645923,194.54657552836537,716.329501146894,1655.284013955246
375.715510699914,219.61197006235065,170.22530120776912,187.86618455253725,346.11419956751666,195.9928553491796,383.3646046267253,252.0928736227044,200.82936175582043,404.9722210110582,442.2264714511453,178.5990616809409,493.3221026349171,186.26749737084245,343.1095622485468,595.8661591654607,410.8624168613365,222.6914442986616,103.18270089040271,194.07918104741952,179.87796936291835,410.2382218244582,411.679331315818,443.3419798899898,145.32782676867555,984.5396669422933,762.9036748301194,278.39962804722785,152.50786289931818,536.260904390482,326.4742169701547,419.5321971072528,1476.130826654254,258.3241116639313,62.53622574945256,158.0048862197974,69.4055546262786,10989.457328326176,694.6483718125115,187.27676690513212,144.2541383789735,202.22974282711343,701.8787772476019,1806.329732766878
382.7230161762826,230.33179161890027,176.26411832285487,192.0078683369896,349.7956228227825,198.93266641266047,392.9135908662069,255.17806274805963,210.0733578249057,427.0895148049513,440.4451675948547,180.5145338056269,497.8732405175437,191.1409574152919,358.8129462641844,642.70875225106,416.2868415295578,225.57723467296813,104.46786384838792,195.71175851788945,188.1993934741183,399.9002403314941,407.3327111989112,450.6163718178741,150.6569382729335,1022.1679568744328,769.6606585629761,295.2556283435819,167.08802071289102,507.3183633944889,331.1737328154077,422.99969865684966,1329.5360635170268,249.7458805577472,61.12197352546804,147.32996717161114,74.70635045590159,8596.148362371894,723.1492449123533,184.39688452186687,152.79909691108753,226.497250075074,621.3560738752018,1580.043693572915
328.45790601575385,220.05857079077964,171.9283854647742,179.35888258774622,335.65781965259845,186.9600681991147,355.065242720893,250.48160789889812,198.83535548742,427.8376486734695,438.700884783476,174.14219364323046,475.220956524808,180.80541875741392,340.73643083876954,643.4432530538003,407.9518127655593,208.20383987424225,98.06442269820262,179.50344209773127,182.8285598070716,347.959553793062,398.6586578652177,415.87317894307193,150.19539624305963,1044.757591132324,690.9955072186291,289.0312565993123,160.5759779613406,499.3868814805136,340.7963549227138,414.1418569660555,1346.3444361085358,245.6860090771896,62.414835453139936,141.53472163506288,72.760514646229,8208.376830973744,685.9052607694332,169.19373548082476,145.97458505889733,222.7245123073313,678.3886425631431,1540.9865849790806
334.7440786547256,209.1065426254847,158.40607606461404,169.20712288830674,294.1150509169984,179.1518499845981,347.48454025296184,232.581193763846,181.8018233818159,392.8908066703255,410.1154711136522,166.80357970402324,450.3313284723272,176.44562204043032,315.0491106588135,616.7322811098869,371.4619241164543,193.7063540640643,85.1016887011203,166.10462019233444,176.64040723331513,336.253015619516,364.1494044466276,403.38300939635536,139.23840095291882,1066.2225284815215,722.2326172941846,297.36232436943254,157.1015934912903,457.4401109988194,314.0160066061004,395.1685699767636,1216.3140504526282,248.62845698037296,61.05231204323645,132.03946486510534,67.51057762517023,6494.323779679483,617.509711980097,172.49233755991804,132.60896551689976,228.4180419389209,564.7069724872458,1511.9377580807193
343.0537548503688,207.6369532459645,153.4237243838831,167.04264522954904,285.49132321739165,176.48421047113806,359.2179114542044,226.995248705737,176.390980728644,387.60411986839387,378.18917319083175,172.90827834352783,437.886326260242,173.05740909533705,317.741541248805,599.7660583102173,369.4420520307024,204.9092724590191,80.33771253343767,159.40311488449544,164.64659103933494,335.91396649688164,374.96400746321217,405.49275109473257,135.2221958487788,1126.698036468973,751.27858620651,290.3449499709032,145.29673900726792,513.27028290875,330.1745113331449,391.9460405587009,1307.2724879554469,251.84764639175,56.309302931112526,137.19965386925335,66.68114662063715,5813.743271129863,644.2425543458173,177.78542977412843,130.47663536227668,219.78847714249252,592.6397243692916,1580.857851362281
378.2835964140818,211.41190446735737,153.2084876981729,166.98178690895537,304.61070756974595,178.44325745540365,376.6448691259252,225.62590630008447,184.8012664221432,416.4025542582427,407.7628824842206,178.81574864357185,476.2277815067512,178.12669249130073,324.11332515713366,607.4659974217067,386.73082868309086,255.007563146146,82.57896220499592,164.11456580637503,165.23728118720982,377.50393047051926,399.2032799776146,430.059536735748,128.63564036626457,1107.8579029268724,770.195361461913,312.0184201133182,149.3572856564916,516.8956788602364,362.5519134943448,422.27780016179,1331.943557703443,264.4648102006649,61.42358834125216,153.65311481444456,66.48450897675195,6867.962931764059,637.7158245362093,196.13597604998765,138.43299960234958,249.05005081191092,608.3689385074374,1799.293674780399
418.3164339391283,211.3094388179872,159.518965924471,171.8881953891788,302.46988083759595,180.7651330912985,399.8199422671146,230.62910441554305,185.8854675272573,426.1391631671176,407.62811296094486,168.46051865554725,471.7096303175794,177.34161995442236,327.7204078379607,617.6084578298604,388.3975448020088,280.0885082325976,84.45239949609748,171.72875226689524,162.99490956263494,391.2456013240901,399.31322020892367,426.951251822878,131.184513134041,1089.5975983742037,771.2459428199699,302.5452694333424,150.52704225588977,540.3343597975736,369.71185364574114,406.6240982033916,1307.8738146559654,270.0333133652034,63.14032780759929,140.97673798789114,65.86828835290032,7049.484213171066,643.3805372908669,203.586458642678,144.0388432926346,255.99488287467955,685.8843739528116,1899.8426040359764
384.2304240244313,221.2191450399743,162.41415198249754,175.98907312525236,308.8532675539401,185.65388390139032,397.1613424740314,237.0943688705433,189.39367698170977,427.9328775058061,427.2643550231733,176.35398849866928,462.5431333652514,184.64142899382327,328.425533532832,645.4173793537294,396.07846690421087,248.83925417213868,83.35660297280326,172.17845694503802,167.56103019203456,364.6560676358768,392.8914654633977,404.7441465867453,128.5840588465115,1078.314775998181,795.1236977551877,288.3212133562118,157.98657624783084,511.20592616752657,379.54138342164975,437.0674557588505,1251.9151229190234,259.3302155642804,62.5360913616314,133.28242677220834,69.39367283526305,8078.854800541346,633.6218302416122,181.3558653117871,138.4802736237558,250.6493600383616,666.2874346979685,1730.533439412352
394.0772296077365,222.14000947330035,158.74034039374453,170.022608923314,312.80997973864186,175.14744424664676,399.4646977753986,236.1411513922372,178.99473697920212,429.0898110819587,433.8311457252741,184.7179649111244,482.4613144888528,173.4747698962855,314.55989417759383,619.5175304144117,400.419393358925,297.9295716399377,75.8531783418811,155.4290994949577,165.89532038889914,393.4570663586252,410.89360852566136,410.22415032271607,126.9360271538868,1182.9195692294404,812.1450796860953,301.0807942451152,156.7120369069158,530.5289861876569,393.6242558556529,458.2097682253101,1299.7898582426203,276.28196599599414,61.26736839547682,130.03749392100667,61.465155499374745,6056.359539314702,611.6715197409139,185.25708863012736,127.81766475307116,243.51954989687,629.7863151256641,1898.218602887321
396.9842437823936,228.98542169101896,167.92600737822906,173.58576674987435,321.61116798360126,183.6653943629101,410.25312472512775,240.37288191833136,191.02896831631816,461.08798799622514,455.4605377397489,195.6923348754262,508.5956819031432,180.65737192749475,324.13153243027955,642.2890814625096,425.0027561088065,325.5137211137491,78.5783400368086,164.30128334352793,173.39242413400623,425.45268038459295,409.1224992931796,406.5137542956625,133.39310607118114,1243.1160893059648,865.6035722817419,296.62473266117166,158.14291568585315,557.8845006024436,432.1049488344144,464.77465112894447,1398.3012603137229,282.586385450723,64.3768542951763,132.9191291539127,63.52733371671683,6399.879632485968,616.9303358610509,173.43709768209072,137.33371943428796,261.6459298645715,756.0049999965759,1776.039366079916
402.5211413044429,230.08723466618588,169.2482454028546,174.56990930902657,346.70505820290674,183.47003216900603,413.21849149746345,239.80935788067225,195.6454747478034,450.8289855917244,462.59951711831314,200.0968102656929,526.8843121672946,186.64131251269848,330.51234305798806,603.8423080483079,431.27579934512255,329.67906493821795,79.46507154045781,167.13064589707804,171.58500257935185,394.3168084415264,402.61538664345966,413.80133432414056,129.18726720754142,1266.3943398305294,900.3859931770736,304.73766865140067,157.6711642521785,559.4438248760821,443.13965781753865,458.5167826542312,1460.1512953766971,272.011023211143,64.78649485656683,135.8879626384931,67.26818753387298,6442.350463533032,607.5455231296886,176.5688984348653,141.23800851308238,269.947316303484,772.4970656292812,1953.5513418347125
411.9409020859942,228.1780793505177,170.42067652534368,174.76416403666454,352.2884394176119,184.1530346538042,414.03993782523946,239.5678327801772,194.65683735185104,457.753217663324,454.2651799314038,203.9825258314293,529.3016437062684,187.1152268584817,334.2155794532649,574.0315608109153,443.0154555954493,327.8439029507663,76.64048398677937,167.97246735180997,176.17009900632152,413.3334531168774,405.58651697066057,396.4441147577964,123.01039145469632,1280.6750256117273,860.7738902300131,293.1280245256647,162.66663035709934,556.4279462722458,437.5430311023459,428.8407480347388,1374.0684645483495,268.4448455288521,64.37328675084231,132.47986841228305,65.2729258473621,6045.052888269489,615.8644914525987,173.50505965329847,147.40243272874142,266.75027883799714,756.7660961085082,1928.2946923767795
431.5134500750303,229.4062734862576,177.01665549619116,169.93730521882816,354.16435216679184,187.5528277111869,420.693132174226,232.27674629991884,196.5334884460648,459.3076343887598,463.40181605755936,212.10145166768663,522.8194402086351,187.3339058448765,324.87642434922486,551.8183121398206,448.9948971943264,383.0311865923419,79.90790291141849,177.7846683735287,168.5209007555484,419.4509395700811,398.97489090721126,426.60276234692617,117.43494632319523,1312.661442274548,862.2734714160136,300.0463830277864,152.47274106899516,546.1245037422474,422.8671832555157,427.5121085564419,1379.0645366527967,296.85508711392004,65.13977206230498,140.4058130839482,63.3496164270347,6416.051572075173,642.9061305774544,176.50758318877925,157.27365819592478,291.1701872559323,841.7510264346429,1951.4848218438624
462.5927795667572,245.4281989163698,178.5120041770877,176.19590381506455,361.6025190970832,190.3234778386442,445.0635429935046,234.13326956807003,195.58065852163745,476.3414085537151,443.1575603465829,214.1278738880628,526.2437242325492,187.07381834453324,336.28352229377026,528.6259961783571,456.39968818850446,351.4658908528519,79.57101419659007,168.13454107581083,169.0101379282066,398.66234510562913,421.33973444897225,384.6053425832476,115.85460753472312,1187.3261808830105,877.7717277568585,283.08403315171813,148.98385536650082,553.704396903485,424.4364720191869,392.93515568393326,1371.0930764464445,291.8830310734144,62.5666691496783,134.23899954155502,66.27242769265003,7281.263992446534,694.9661583392345,154.97203932742673,159.62756154152208,286.8991202447891,578.2875405926859,1848.716898251852
521.8275416722975,251.33149502984665,181.2780592767045,184.53795635537568,348.796997985269,201.9564094419061,455.5137190394893,245.3978900593472,210.41577204364765,491.0804349467615,445.3506958238533,212.60223796525875,532.2504927530623,195.18319101512827,353.1017813037932,558.1801171202715,429.6721664406633,356.46327206951275,90.43995619645678,182.9839371360553,179.44529599753193,422.5604934098635,416.4175942583439,389.0943090202551,116.22226837691048,1258.7379922558814,901.02628160673,286.091227185956,152.8634440556115,584.1766329006233,415.46294911950014,398.4476135203223,1473.5048321800466,292.38620557962776,66.58751281409585,145.95147510506513,69.64006304432584,7428.7589780471535,727.6513747091027,159.50743891370306,167.27155848594302,310.51965809573227,618.1095171096582,2007.3819450394608
517.5031544561796,250.2995901508488,183.50780210464643,182.4299828965677,363.52781727777057,198.28860430043449,461.1340226469275,249.11531866369003,211.7716663466828,499.7367003765643,453.5704095117957,217.77902655127545,559.502878611091,193.77919014802345,364.3151278832987,568.980003335243,451.7455984680937,385.2577535902351,86.013753701759,183.414119140516,173.9636823488361,424.0150475465774,440.3221948072929,388.1283916641621,114.4001631610988,1229.1616454337848,912.2835852376896,287.8674450812105,149.31042804301995,574.3929753001429,441.2713858466142,411.2289907490049,1455.589835673699,298.3856082489523,64.56443457396382,157.34392008984662,68.30883405135232,6680.857333955523,810.316568241507,161.264319946915,172.1506783794178,316.2858632824093,591.8398324886921,2028.786254766704
484.9989238233553,264.3917006177465,188.72037758620047,189.2479460100079,382.8025120099892,202.39102987065976,461.59449068571257,257.28434425013666,216.76370664616323,527.3152716194714,488.536072791724,231.8322725946041,586.5382237985216,204.314706530908,370.1938368037714,575.8955304952624,468.7266001999699,408.8963140560065,87.20248235162664,187.5051192170769,182.95588886155105,438.9503602081202,458.79711820223474,408.1278361284192,121.179014666594,1279.562287460413,933.8650528757976,298.0187326326446,154.7819162593869,589.7762997480453,448.2876625438244,413.7670004228819,1510.2018911358196,312.7317018550156,66.65693939465655,168.2456416202519,69.21818634198806,7004.764577545946,799.6045437634423,173.01521563498994,175.0492426505672,312.7624087362223,669.6360074350413,2005.137776996208
491.0268171309403,262.92611912083134,186.80367846606563,191.1499816556508,388.43442789704426,213.66284752430127,460.4678241863234,262.1810101088719,224.86167601943163,537.443865678417,514.3786725511184,234.3556932091336,613.3106971992366,214.29039192011567,381.1586080423816,584.0857898316251,480.527612600376,387.9675980378855,94.68995273335815,207.09284392510983,189.901301937062,434.8797928300648,465.9281172447471,445.2102033195678,120.957492489565,1327.5715110455712,964.8379163919984,305.531119865392,158.4842680722455,589.4717585812434,417.7008526612315,417.0294364014923,1480.2026349511598,334.0827988411979,71.08260400941448,169.47416697493657,71.25344252352417,7070.451160748581,789.1096083586538,174.2763920137967,179.73911013575125,306.02926331057654,620.7717340446916,2092.496540577519
476.4411568606937,260.9450134028549,185.4007369346208,191.64484620850016,391.68879322093534,221.07389697911177,442.68412364032827,266.39671079733733,227.46162607379472,524.1743706430384,514.9634721895011,234.90826842923744,608.4173131244022,219.2714373560217,391.3043028156114,618.004245699047,486.5171867663648,380.8816777757781,95.06008835908574,212.6509702198561,198.1528506359295,450.4048463755106,458.9949288947676,441.0228844970657,119.46050350881478,1346.702721463943,947.9131883302028,311.6926145230094,160.73707265526645,580.1079376813062,413.8655463986144,432.8669757308792,1435.7166662660918,324.6264291267352,69.94690791781252,185.5463953342202,72.4551820495131,7730.189941108871,760.5184512464061,190.66033914805308,193.6077377373319,312.8956493857958,600.0389988344109,2030.55405545731
428.0527571423278,255.9520310740556,184.94075470868952,194.1628957979889,399.3179332003479,224.65055973874925,427.6846881920189,272.1976234333952,229.9818036773437,487.65010184750815,507.4421606883957,232.9857016495501,636.7474582490967,223.14794549558044,390.4763650415947,635.5000028799013,486.8201692892794,350.34346280331124,96.97467835999365,215.52204293529704,206.15356876719144,444.9717314076654,461.16948702858434,428.6696447633963,115.05483356477002,1335.1124534586463,929.1113974601168,306.26965367445973,163.29971858108115,563.4483269851919,407.8144930310914,429.87616972131497,1362.3365329477308,315.3773260337698,74.03374351900582,180.0251022234155,71.52238988011317,8524.665800209503,740.4705192552219,190.21341546382453,205.1239607336143,336.0036119354222,624.2176347977498,2077.693818532393
409.700781449408,253.82593722064848,184.27233775059932,187.71740755138688,402.7607669865058,218.6163476112774,434.5565739914282,267.8963240198687,224.4026200861274,494.5489415556645,496.38519144502766,239.03789468359844,633.8481411790327,216.62810164359112,388.12432461999066,631.5717523050739,482.9997531510989,339.5358804706576,96.73911944995628,209.5167321181964,201.9886489555508,422.1933798085994,459.9112059203749,447.49761540481495,120.77765574072318,1350.4537085007416,926.6163397284516,301.22679253981653,155.81686971626274,560.1523252133943,423.2358375461533,418.7456125219749,1237.0504431696415,306.8553471278501,68.71655028021878,180.56944941828908,69.34482479508192,8872.781376328729,730.5687688281099,195.0210436044356,205.36426684029612,342.5769929454096,600.647886476119,2010.997967774662
407.12948780077386,250.4391248498204,181.8691448265998,186.2803853164529,424.2458567595529,217.4403175829276,436.9711499144788,261.4145524299889,221.04521781589548,499.6950570128107,517.1926284046017,237.6299104470644,632.7078756620039,223.8836724382016,378.4782420481743,638.1949478695207,484.5669491091092,364.4189571163784,100.63913270413916,212.1525692526007,199.77353090220103,436.227150826289,468.2827733443516,451.2185013787513,114.61980787324872,1308.7631777005472,921.0319657092908,291.7660779932792,163.54347408799356,576.9251506237347,421.5261216961574,414.14471956657786,1262.449831312749,323.14525774898834,70.07698985109253,186.20029303449945,67.42803875388914,8670.456636949919,756.7697650327933,200.12422971807712,216.18296966138587,356.31893971290987,600.0699163538427,2005.470793498464
429.8586852596793,248.9855984026669,180.2617105192058,183.30642517731383,438.4542662927789,217.9057966138062,433.8720887291418,257.0118106106867,219.73714499334343,494.473524929912,509.0380377449533,239.2501317724944,611.8352823136655,221.7130932362626,381.0525012387823,654.9575696875837,488.7817687756983,384.20371422340855,101.62919286403653,207.8358684816125,198.09274739858245,449.4895881199109,461.1301190902546,451.7355742993508,97.2230571084399,1291.8235179004448,954.049372934879,292.6170703377098,160.20474126527353,572.1073619096189,407.7747659031674,400.7902514335472,1169.2716320092163,337.8448842764828,72.99671693702851,197.014561721044,66.33647164813786,8695.434119197249,808.1685365776831,207.5266484511941,217.7439022518104,380.0178135996578,606.4949553737142,2039.504175777816
451.2910163106647,255.4096951958964,184.8360159192416,190.45817082309,445.5209411353996,228.5495133007101,452.4583515446308,263.5391803356135,233.25596516243667,492.088931497618,493.0377387320623,232.5397925597084,627.9758402779353,228.3337780121832,394.95846043659685,656.3045487124325,489.7963942626084,402.7425889792348,106.09679189242422,210.770927548411,201.24748146303392,422.8073422831359,457.5194474913978,438.0083980698024,101.70735571979964,1288.9779808039268,987.9254069694176,295.948742910454,164.21324132805603,562.5733264851048,407.7389242343372,416.21471345629,1111.677110153452,346.0771435708249,75.03311641060816,190.45722642309607,70.95275197264945,7520.205251117217,826.2602567651853,188.7682291433185,223.24212999328003,362.0979831872047,592.2538868341754,2066.2320275380325
463.2442139445168,265.0402303085206,196.2200537069897,194.4519958933905,470.0869798394039,235.3778091743749,458.1520569281705,262.9393786890012,240.3350555540113,506.4707911011102,537.2232123945339,250.9534733086586,690.8283583793437,233.73325875961748,399.78858388287074,675.5923669181188,498.9448157683013,395.2766052347732,106.16309735522626,214.0991143615128,199.32250590802212,439.3870089513443,487.5829137979655,410.8552774487584,100.1724025078844,1309.05297179415,1027.30080952683,299.5818079586194,169.36425634473758,580.7611256157783,387.7445283620682,426.3674952000672,1105.5172063036891,368.713845011413,74.7194921372658,199.6105544420188,72.34194644337809,7468.689801260682,809.42907199535,191.74474119891607,231.2718162942284,385.81220885564,593.193612269927,1908.9865808589784
459.52995242818446,266.637115425589,197.44504575813187,190.1995261614791,466.4436690297027,230.52443141925093,450.381080179196,262.3780575356236,237.62588924667529,497.3965942964567,521.179459914807,237.0476533421424,674.9810839244589,226.70987039608897,377.71509103396943,649.5949015818984,503.8845839503947,374.1865264993513,104.34925586212552,207.90588819861512,195.08311369579204,467.5889196227416,494.8860468249747,399.3853907387638,96.4960794613175,1273.740855179923,1021.7020993896292,297.9210646942932,161.74317944658725,532.7926074037138,380.252776786694,418.3330779842364,1005.245657288128,317.86696389877795,74.3050129084796,192.92095076359013,69.54591801350576,7259.881436902328,749.4878981303443,172.44712130869223,231.82481760956324,366.895813499537,569.0739937439314,1915.2703438038425
471.0602504871661,267.535950699815,197.42224570962424,198.2340228513409,472.0275988656445,228.39192585684629,464.4188856207087,264.07423735687803,236.02070656651915,517.3396099756752,542.7887566779171,238.16373766012345,688.6253352771395,226.655377423343,374.0069106664344,660.375268143071,513.9210706941137,388.6071006894505,102.02711793479337,204.20062651084547,193.07249738842523,505.2186840895945,495.8581793216149,396.3575004337188,104.18736508335655,1373.431690529778,1064.6765023502956,314.2524560022455,159.18947451466389,528.1564656483117,407.5885494770755,436.1799017933331,1145.3300994142785,365.2850305385127,72.41806212328596,198.3513061590876,72.2686170529789,8391.163388556528,754.7293686862016,193.8439999240046,232.5993881443796,381.7136949572844,570.777826328859,2050.4756110726885
511.41955114565184,272.60213922998724,199.020260576964,196.8956542790203,511.8159933090196,235.59900909897652,451.7881831853204,265.431383262626,240.9890537854182,513.4063550555086,541.2158434561726,247.0109014224925,688.1265420338909,232.33122488236725,382.59588842495657,656.4141298120302,518.4230101371656,437.6487403833209,109.79760519394182,214.4109010844704,198.8602531102472,500.5334071767605,508.5619598128984,412.0692033242672,104.707158362888,1363.6852869806562,1113.368772855558,326.46800439649576,161.75813623100603,526.952009340027,407.44594327315394,414.8478479273651,1168.4087132450506,377.5875105502192,72.92810150551107,207.94906066280467,71.46905224793778,9040.356967441185,757.798712643707,196.05486701280864,248.55966769673813,396.5679848175749,544.2437181431718,2200.455895680814
525.7971679459578,268.05348404113727,200.217719981786,188.24448334883337,489.2901710766364,228.9595119439638,427.6155749436357,253.89688476048104,228.3512991738851,506.1830280833902,515.7353134576183,244.670406159968,657.9626317790334,225.27652453704923,369.7322753128263,652.0329667870556,512.5128100352711,438.0156634111931,105.51811330009429,201.45105923092137,208.53530074943453,509.91912333671337,509.1499348802785,390.8105432034165,102.74295096948632,1350.535912238547,1163.329855626176,328.7712236425848,158.35746999112956,517.1752780074206,386.7481148839497,403.9516146354841,1114.2761638607203,371.1737732241842,71.15735408576765,191.34969950095444,67.87926743677191,8477.893846815257,782.8963064613826,196.11549588726768,239.48633461798,373.99939339811215,553.3404280272649,2086.7897527200003
516.5452979735534,259.227899618622,194.36493670213707,186.0424060668931,469.261276187964,223.74596052360792,420.1137619350101,246.70891393471496,222.19300375997852,474.03351893870337,493.1178360940075,245.7695191893339,668.9783181892568,223.42848539163745,356.4925750060801,635.430204758708,494.912557747206,426.3415510228516,104.9508599582246,195.9424066910428,203.98811356835813,472.7209279611525,497.4828188685456,390.5022935023858,96.33956764102616,1244.6729331829831,1132.527395070539,332.9764981900662,156.21261469351947,510.44660563375095,377.6274033720942,376.6021257780301,1146.35681129449,361.8430348311326,72.89488085589291,177.8306781858839,66.4224208746742,7639.994453222314,796.4922890089614,179.80948512054695,232.0678087086185,368.96706256861216,617.8950088119645,2099.0530906534145
501.3026271987457,264.84738646108553,199.16788221475963,198.52390873121536,477.5568259594309,238.52911827910663,438.0652915088978,250.1846681319565,230.5777646796309,494.3291638617197,522.6119968431751,238.73888311310432,699.6819832868742,230.73168252181057,358.15584831946234,632.8845205848933,520.4919469407574,416.6811825591382,112.77224383283436,204.97959909170856,216.56458483120772,475.2382929805237,538.0284331274362,406.3651925723696,98.93481449955772,1208.549134444781,1149.5172065234142,335.98654278724905,153.58040167671308,520.7730245585125,383.3183950149021,378.8847097836592,1255.862287782979,374.3204355438282,75.02813566696791,183.4148357552056,69.2313737112955,9001.478585294382,786.6773399118883,163.31470418077902,232.78673353566452,372.4276724870168,642.3080245233498,2354.5096680904426
521.0255388141608,280.6163266512424,204.1157393688576,203.75225752299303,503.3675927703181,237.0007662640585,462.3560435316416,250.49769629696905,230.2911292895602,518.9891988549824,521.4820052014614,246.70045131686467,686.2551080587486,230.9722515104804,363.3938618416013,638.011342962169,541.8620430068038,360.6644121477164,103.18540791163812,192.474093836174,220.062676048068,458.7793743435095,523.8293140445678,363.1164123420669,109.8837205376603,1238.3919172916462,1131.170353418594,319.496975135679,150.29914677693503,524.1519846289173,412.1361003230504,373.6008824348059,1256.873791584882,355.36791388162504,77.4001724168642,169.30073330769233,73.98370546492511,7565.358562435931,794.1911030149597,147.27793038443045,223.35824111821125,331.72525980023494,586.5257777445205,2332.890604063897
517.3752382807432,282.356472923488,198.9318041750745,201.7444040178896,476.9898595866839,234.60034744412025,463.2052407672636,252.80955659604624,224.79256742708307,525.2923862097796,516.2963102483952,242.5233029086149,640.1755751459172,231.12937372461448,361.5590093214,622.2689289195504,515.1589208605043,330.58410645725087,102.4401565503269,197.40198273994147,217.76071556758228,438.8083132454139,484.720557378992,396.5775235698428,112.52533311189306,1146.732290902669,1014.0560590536952,310.61404172022674,154.7402035992619,514.3105962102975,420.6439167454292,352.1622261152857,1250.111514927928,337.3436933455281,77.69799740934194,165.53244021975496,71.3376572497717,7870.863257657892,832.7263471239517,140.33745780606432,218.4386474396716,332.6874832497426,598.1562531297437,2359.9923955883373
544.632556517091,291.77050659976885,199.29956211029835,203.0745950911746,464.0985505802034,242.5988086173116,473.3526407598213,268.7249413913761,233.9617496681449,535.8163934049282,548.7513795886957,254.4380162567976,628.9898206302835,240.0837199835819,380.38360051469806,656.6668803254241,522.3999843849496,368.8582930054262,105.46066866182784,204.4547805123512,219.83444127892432,460.06809776270313,491.9455506322409,429.9795322637314,116.87383033842924,1175.6674428890308,1090.759037157785,324.5962343129351,157.76033013919525,539.6826527787804,417.81822365763855,377.6944926434988,1392.5540860971255,351.7278665047501,81.37814259810665,183.6129016318013,71.12337947507544,7836.403643567585,896.4356870709995,129.93645073215586,228.77595413652412,340.32233873518527,576.8883624490754,2312.318814254961
521.9773452249086,302.9333918481951,200.86503821341,195.6542471851852,448.9940909397212,239.1378253835729,468.99126711048376,271.94345355461013,228.1594374133348,529.2558827214087,557.1611483751229,258.50851117437344,644.3515734855343,236.54498920045688,376.95594862302,662.877138966016,513.3907250504839,328.87458256515663,95.99202652177024,193.45031917463132,226.76088740528576,416.49521751580494,486.4301580614671,418.7390349752018,121.14505172239338,1191.845137362174,1121.16999491167,328.83388384392106,151.14057592293125,539.2387410884498,441.55152373863314,389.4126216204711,1423.0750630106518,322.3750949835489,80.08285923352813,186.0237785580698,70.21771697577336,7092.380967089185,895.2086415691588,92.7943804639582,213.14325749768568,347.629268160835,597.2769003333084,2242.018585251313
567.6837140909381,304.7221240355594,207.32352307825244,199.4235178987805,443.4750453791692,242.4836250824184,469.35226242992553,272.57631963446624,224.6717627948248,523.086806423991,507.3103679873883,259.7284296686112,647.918474871054,228.79400926758072,388.8285060276821,639.9295066612451,512.9448034301763,352.48532773341435,98.39117999346256,193.72294418540807,225.8390835608008,408.4560217689984,497.8267295281187,426.157817224274,118.88788608871576,1175.1747498725117,1158.3431078333945,324.12862672962945,147.4604786632578,533.0767854868488,433.0674730038778,357.38043808580704,1417.9101683701508,332.34254370593413,77.67276167999515,184.1057457983364,67.82539284232897,6520.539969619134,909.2216020790264,112.0991057059964,220.08317894245343,349.97021088550724,560.3293568573016,2314.0356169724537
559.7659717438885,290.59073195629225,194.55938349070013,190.62487248221424,402.4698883760069,225.25588100281888,443.53684680788206,268.4008363176356,210.86627084809496,495.5891672659079,483.7632142220149,234.84278312275217,568.9490679866119,216.3092521166154,358.75930402403986,591.8395910668506,467.4312914638923,425.7508081793968,91.40655987909408,185.08875651737432,209.5143322441145,372.9434838050341,466.4777307914805,360.97833497971294,114.55005022458836,1167.2793330574698,1100.9507942165246,311.0755180411035,133.41569666241463,544.3820397774167,407.2723331713439,362.5593757169371,1560.7040892681805,312.29984069838,71.82237008227607,169.88978701166704,63.87195695896381,6137.258722376711,911.8423215149602,112.22668637062114,211.3982076297235,349.4982523727733,540.4176795395629,2033.4277060872896
551.8024773874988,296.24942664191457,195.46668126693072,187.5772908436521,432.2748606739342,221.42374419873303,445.0901751071652,269.2325074153181,206.71706544003416,499.0395015756855,534.3052989816073,233.26722027507964,588.4656476624662,222.5001656379561,353.9137848838805,612.6566191054608,502.14759992998427,417.66892208726847,92.16649661529183,188.6599493468607,199.16065776754743,405.8974300147036,480.6464595869136,343.7715766009467,119.7118544205254,1311.2882726920295,1098.3947117527623,308.16838129344376,136.01711109363117,515.689720502722,422.93464673864,380.4166893821133,1592.5378461120058,322.94225637106524,69.61574202009011,182.99099405477148,60.26033802299955,5937.239831754913,926.0859193330122,127.02077326938895,202.5707156983096,380.5591742870348,526.1013452596477,1998.3091676918143
524.35849413914,266.8636875249181,180.66919192330823,178.75661029788705,402.240121869803,209.2970994476031,403.9365468851374,252.19713471621512,192.95197286968607,478.25912686987886,528.5119489816313,227.8213892536546,571.9035552910775,206.88375542352247,339.13043857636177,586.6700932437905,497.578042178035,406.20412122521856,88.14824194440129,179.77594156067474,195.8519173408924,399.3196949909849,471.8400360584238,351.6806915366169,103.44084879550688,1309.8035597430946,1056.5448240501382,310.18151891662177,122.1909837829624,511.8643241132703,411.163472617463,382.4679668941786,1562.04579108045,308.3003117549446,67.63032159814625,181.5425494619841,56.69937360368059,5567.18310285827,915.0599504313448,119.31608599572712,177.29178591359127,376.412058177874,515.6336596638171,1905.5847169333808
594.6614038608269,287.6138894845389,190.97126805612132,190.70775229027464,445.0494228039783,220.70565581466545,454.8608929470103,266.7640668083958,204.9659780080458,510.80396143285816,516.3872522283071,230.87110162255107,628.4672196814352,221.06316317200628,357.2685990396121,604.57224853016,534.190778575672,476.551853482932,95.32270796603376,190.8374397283501,211.2415547179239,446.5487307004125,497.21642063735527,384.6159222079273,115.50519241318952,1416.942658933442,1154.753664265013,313.26226376887183,133.71095249345552,526.5268345947455,433.4139285697247,413.8996417851005,1613.8534667100591,344.57750500460133,70.74090333371507,190.47259315690127,59.41793759258697,5854.896539805596,931.4934533497908,140.21535863866043,192.36632650863683,396.03556118938207,568.0094120548423,2154.695641010036
593.5156570998548,299.31785822789004,192.37580481762103,198.68996362333016,463.9502006365331,231.61237528553303,471.0600375336815,280.10686190509904,210.12158139633948,531.9900418066471,520.5191325580043,243.69768090054583,621.3486033812768,233.22703911086583,366.05979863403513,644.6206651601841,569.7866231504426,458.6282188055428,99.34616979682336,196.28018764771852,215.5599690489728,425.955050162664,499.9191755742608,371.3407718184736,115.48134444922704,1362.5728039101014,1158.3625805906818,321.4903683708403,138.18797715551355,544.7266268617835,454.3476452504874,405.5441066278248,1545.0847617423085,337.4191728924636,73.49185287368893,184.9708731535372,63.36052422561862,6237.941158487906,945.081686294706,136.37193699135668,199.20429969214408,395.497995362602,599.9619274126993,2293.5943687019267
614.734333045852,309.02282305844085,196.1944503069903,203.62378999718584,481.9600682288904,235.89440082372528,474.45297458786666,290.4208618200766,210.0072013231764,542.3784302510418,576.5836626836896,252.7799105188348,610.7145943111923,239.17409799475152,370.6560413158651,673.7069942043324,585.5108034979708,447.2102022055794,102.80544064525589,195.83048901490017,215.2998674524083,424.535550624989,510.234197977546,377.7654430096141,115.92327410530528,1390.4132350996313,1155.5356009056277,316.8312532273481,144.5697557310879,566.4268029050573,488.3076857399112,420.0713244102252,1534.3984709387985,326.8133346704734,75.89818148476496,183.74651560062208,64.28756147876902,6392.173637745258,1051.529029472874,117.64562467405251,195.7342339320573,406.2532855405546,607.9868355851243,2421.2405858813395
626.2895264145072,321.9239457208691,199.29707265704988,208.6140857185333,493.6412579089484,247.24734138457347,489.7832374262305,295.42008468750623,224.80670289350303,549.9582019011021,580.9281956170446,263.30826223449776,614.3682353731601,253.4057938869161,392.4627288606031,672.4578343899698,593.3108301649198,444.7011911460672,105.14791399393197,204.48478096386933,214.3971346101848,459.00152512408965,543.458808660815,398.2245739703474,119.5949489393046,1404.2212209588815,1180.5800269124984,314.2441508791857,149.80728849406043,591.2127621176429,492.55308678526166,426.6912984406526,1618.295600541021,320.84177075800864,77.33582547356347,186.57029842336408,68.52632783098915,6803.230204040067,1090.7151615883324,113.49682485858608,208.92403136810373,412.13840186699343,670.1495202456873,2364.831905569732
669.4345930256198,303.08145774397246,192.49548204288809,197.20455287157284,431.4829772504535,233.4269681460385,472.8441268822166,296.41698780436843,211.18918737161337,557.0972046309416,585.5034919879953,244.20292584228224,560.3911418320729,239.3277993547,357.455769096981,652.4534642347817,556.8838386357736,454.8908641932275,97.08332855123427,193.20449773365704,205.7578198586752,428.8973862678185,498.57405712355086,372.0480157172185,108.16445322571194,1371.2363120536625,1161.697376781036,313.86012434295725,138.48168564845454,560.7266748397981,485.7932087087636,432.2658552801372,1540.6818086797548,293.9036703340306,74.53487670127623,179.70851200569905,65.07686202847403,7028.606234054049,1144.4943337507807,113.26062594106264,187.33852848176863,395.8349631272403,642.6633281098947,2159.4886119202865
713.0306748915482,317.2729511299016,195.41199301571768,202.60150420316145,456.1265789395162,247.6845821221191,490.65331436961446,310.43356898747635,221.8085368396284,573.8134629101297,571.361008757811,251.38471172566773,596.4670039563437,249.5112331995523,383.3698309134171,674.730894879527,583.1727287941501,472.5807723143231,104.3158138354534,198.1664082743617,212.7027738417568,446.1715119981346,538.0549814990112,376.6260899293839,110.21929637387063,1414.114906478508,1245.5565899717462,315.99928191916524,144.26088595136943,543.2475583288452,500.4392413341821,432.2177628345368,1522.182802406989,304.1966475806508,76.02703350651463,187.5589999020234,66.39203961556397,7325.918594312125,1145.3623238131263,119.26901041891384,194.5774674659892,384.2750715749481,646.4294951465046,2329.635439182876
744.215202649359,329.40828251950785,200.1483655900474,203.48827377071623,464.00380365723726,247.24824525414704,498.9154469692153,315.3761418360485,218.9662758547701,590.5783342694172,553.924150114412,265.42549165182913,572.3656054710223,257.41007193285554,374.0384767573176,672.1759072987384,576.6138992545492,495.7047426228916,105.20170478936716,194.12066665439968,215.5682633877686,443.6748703004574,545.0871403949662,370.4772704216367,114.73436371978867,1466.703535064693,1241.3698568726925,316.37396613040823,156.4977531869051,602.9322229102792,532.1938900580418,444.8211546293396,1572.693140834902,295.63666902287207,77.38556181338575,183.21094145582407,66.86676713611821,7513.381733264918,1237.2932729760205,135.8234175356721,197.21988001157536,393.7323465922815,648.2002872750143,2338.484582071716
724.6240617655287,327.03132053200403,200.30613092119864,196.110678383606,449.487192102319,245.7190375862397,498.5324237496544,319.7357429794328,214.84872227083096,571.2375686736647,543.6608190046377,262.3682184997262,549.5999403859222,257.4579153335702,362.1687027630922,696.0298068932177,534.6974942956731,454.90898865686194,104.87709088054498,189.44238756739412,210.62838934741453,408.6517651666934,517.9091373958836,373.0042368872103,108.85410751115016,1427.5246541669878,1223.096954634554,307.9012754402151,150.17270637407506,581.9781191270696,501.3916916246644,434.7396821701015,1559.0129291212463,279.68816871325805,76.93349722490116,168.7747630667284,66.10031785282658,7192.616791977594,1212.974114026321,122.5878632519783,189.310721205918,378.4625207829462,720.2633786694399,2273.3019661075014
754.0682853299082,336.07732256373305,210.514738236484,206.35629865582865,453.927786723972,254.2819176384653,514.8486876585945,325.1004300840912,222.3510573242731,591.0590468402535,566.06659810102,276.2163013385579,594.9438333850458,266.8484275461561,381.1426229392959,697.6699386332286,536.4564640727582,471.0424909846882,108.90321709169136,199.1562476492928,218.2032445023743,407.3397535717993,529.544411303366,386.66591148334857,110.8432732539316,1400.4901488929895,1223.4462077878798,309.2582960931201,155.87864898799998,566.5395133133342,507.4023254141692,430.5404674394178,1586.5562327295524,294.51045470414994,80.71584895860494,172.17984143772878,68.97329870956978,7417.81544889598,1150.4883915234807,139.09883309313426,196.9451358002787,385.68755248788193,725.4910710418367,2284.482370744689
820.1706638418202,335.4437354477552,215.6950203019653,207.30760167619985,461.4786826635301,257.4562351902256,502.0372633622874,323.5204064761208,230.13261045527668,587.6635309531077,577.0781227517806,291.87882043039946,608.0096644861317,263.81040619429984,398.4108195336837,707.7468840588749,548.9243462235273,489.5028691748904,111.29243466782316,198.91914064709383,212.93673542814025,410.59888339826654,545.5352063002281,391.1919945492749,112.50914591765026,1407.0505634295807,1177.1829696831237,305.62687769895734,144.74869604632616,553.6730417861833,505.6288078687932,440.6968149686461,1521.2796944017966,267.6715289692772,82.52171079470558,178.32797296647365,72.25329064571591,7812.165391905022,1137.1385171368229,124.6497819532902,205.43091190528125,414.57992920233687,735.9373718150589,2395.286813318233
828.5504034110035,351.95223619393954,219.47342166422968,213.3477456036332,475.266513150077,264.9619093832571,520.4518169326318,331.37909652293484,237.0653335151561,600.613981424479,580.629180073191,299.8617621172154,606.001987508557,273.1369478599062,405.77494125429627,745.1927342372412,547.3618729162737,473.4894140506369,113.27447140544416,200.403130993887,211.55476775834308,415.3943582079369,544.9503183255031,387.61290961681306,119.69014199012337,1383.418034045341,1188.4696053019777,303.0128196800387,148.2960454474337,547.3284214900706,560.2844751735722,431.0819863451772,1537.0422374576538,239.63221868960173,82.7584232961267,172.5063470147741,77.3589338107522,8033.666439416834,1202.714650791325,134.93137486317602,203.9975686950044,424.8611881643103,721.7199729434453,2297.8411588625686
881.0857783881714,355.6841086223693,220.0777935354147,220.3608257304198,505.7296794273254,267.9689124624131,524.4782710757166,339.850339289973,237.3195289843679,598.6956104333719,579.0064067458216,316.3879280790646,655.2473498238082,278.3173491277194,418.539771445224,765.9923720930159,559.1437477864762,522.4872039859713,114.30435963027124,205.0325224050792,218.37251794128883,447.4917058775399,552.575094205484,398.86599033485,115.44128964800144,1455.0915224326452,1178.11449837184,309.58474371899183,149.69829036374128,541.9228075362942,578.6921851639161,430.3290604288229,1575.002064446781,260.79274703618483,85.19485502135343,174.02071959786807,79.38171231907194,8117.005081169291,1265.4801104004962,134.97502730933687,206.6623558996223,457.6692273735361,744.36886446628,2539.182093953632
854.094839637527,360.8486057799775,219.8850746750632,214.747483806631,487.65121579633615,262.2062139097187,529.0077171680838,346.95451468832147,233.0058151687652,606.967911073235,581.8459590775276,305.4224113203432,628.4511147497634,273.5266910316157,412.7609260602438,789.456269390231,541.1122451169298,489.6704674387992,113.26229630907282,201.99057205957783,223.7288952599848,413.2731010738997,540.2298500690174,409.5406042270688,122.47176801887996,1433.6155873218047,1091.1255006524425,301.28390970480484,146.27613088285784,553.6751058283991,582.139437413344,400.980347599713,1587.036054772916,243.74401779120336,90.37217827747362,165.93773064821096,76.83967258461577,7813.096630058666,1277.7465943062905,138.71625605867644,196.29927899478332,414.08213041073975,777.9786417477941,2383.744903344093
734.236127124729,334.1550057360009,201.55006597497888,190.78819579715585,496.76345082048016,241.0607957138679,494.7341483169179,322.2500132664835,213.3518392576019,545.0092232796643,544.321353788113,302.31771311701243,587.4087828494766,254.07154154784047,390.27949865481,747.4523352329793,538.2724061810244,429.7754593258777,106.60608322450877,188.8695401303156,208.4947900214182,363.035554845256,506.3170806826833,371.85488149860026,115.39146039976396,1271.6326240455155,966.0368028592744,284.654533232562,122.9194391592086,528.2856974458424,557.1088329538545,380.71749691199307,1493.060564821387,215.74409040243629,85.0133298477743,141.12105460666965,71.94053128049592,6142.746118988032,1225.3652632240994,119.17995865689608,176.5513294040881,388.3141695809464,762.1689921119511,2210.0503023668493
568.873891127743,291.93439820012463,187.34846783818475,160.4938570466084,464.51526469703407,198.6007199548841,388.828177537439,307.6031454585025,177.22023672034115,408.8508652679648,407.9590648730178,261.9543661254517,519.8627315352558,225.93610409794107,336.67646353731845,720.7263419583537,472.9048352651604,266.02353801034184,82.67651917198947,147.32900264282037,180.78598856653204,273.097447803573,405.9003860807411,263.3522015614737,96.75002140347829,899.2592238576432,798.4049233401405,255.95079271931056,103.28960230988568,403.9565955195304,494.7761507683508,298.610409271566,1332.8983124194538,177.0787729489875,75.72989415570466,113.10636827209665,60.3309029417164,4553.523040466737,947.574804685501,96.59279282634438,120.75655623157893,285.5427600869054,554.9882299364766,1306.3001608976044
626.8190567241584,330.80855750900963,197.79742653276784,169.0479419244737,494.7251751332735,207.7053488632912,437.6098769721496,322.6286324094116,194.72619672672784,472.2021194923032,474.6537310502875,299.4600015998311,563.361437257889,245.77577344643595,364.448879562433,782.1176764780167,508.2008886338865,280.9092365152362,84.34810588449719,149.68775346256845,198.14492026980523,308.9658613579481,440.6523002408493,275.2061372125315,107.1132820495656,1010.2743455208678,927.9086402038246,270.48197585055743,110.28722230852232,458.8510642723268,547.4642273745433,325.99904403486363,1401.2967516379206,205.71323191604296,76.9180641221685,123.7165852754826,65.5998967090753,4973.071410869864,1013.1433958531992,101.0978265455752,139.27226149604854,305.0614294920035,611.9966106302877,1408.061387214688
680.1418457379997,342.46056723767043,206.29876309747783,168.21280459278643,484.7374898150044,214.6170770507277,444.8416094955494,326.6612010231098,208.30089062509944,486.1815710290725,454.3803365510755,287.43689441006546,567.1353919905159,259.6336210323892,385.9075624044987,827.262495250416,458.5998037212199,300.1739849891645,87.81309742920992,153.71589466120784,212.8316800760205,310.2682925257128,420.206764819343,288.5344869455844,114.930378612045,1027.9937035448006,953.9721082771672,279.2075749492301,109.4131503543566,440.3526249066047,555.9215488011126,326.15886731427,1409.9612098041189,190.2524482139756,83.33193609233476,131.78153572893353,69.27507958451427,5123.846398958657,1037.9776700129269,105.3606761038679,139.97170888750458,320.9786312475376,582.5668476193914,1418.3622007176475
667.4441388844298,346.76111554108803,204.286254003596,169.00229701352117,523.1957809751136,225.3517628687426,456.484710013316,333.4133354326368,219.08140894854307,514.8763867371465,480.5893588147285,310.6481760557014,607.1436035768353,275.39860917861984,395.1289268232814,836.8560152176345,504.339895367042,319.268398621184,93.75224928139784,158.75002050102742,213.27149815007627,339.233329517113,434.3855051756275,285.4920614328253,113.53746291682296,1089.058255761438,964.3105368796256,284.0036494110863,113.90394587965176,456.6999604301113,618.988087508303,349.1113782603449,1396.0034270277497,199.94408651141805,82.95865759021297,133.49445457418727,70.5375637943077,4932.407692162803,1069.3104008202818,112.0317645940212,142.44896724092771,318.8283961374331,580.5232615626584,1401.3340868524554
633.4321600806974,348.78694577151083,190.9532273298519,162.77824672050113,543.8674415169078,219.94246408244464,459.5092180327605,329.5764260697413,218.52300474032245,510.9554582316648,503.86113602817386,343.0792095465169,618.3957800921122,272.88341156533005,411.5702632813442,868.172215592768,475.4754120466072,346.3970660437253,92.33455417527016,151.14295010689813,217.14087583723085,341.4102769408572,413.1751635630614,278.90013431538614,114.87357159299712,1079.7479149738997,889.6685381770682,292.11536965893424,113.778036933433,429.30174542346265,621.036086741996,322.0993931168394,1369.7768952195745,210.15991149878525,80.35665862212454,135.1184735547124,72.8442767570395,5031.068446066374,982.989334602093,97.4558045126206,133.94024018976666,315.1469331136181,541.3696478235161,1402.7274749987337
623.9650909254594,370.5790249042102,203.17755828765496,166.6515935327585,568.2705203422851,227.850852717366,478.6152337337731,334.0326285412828,229.89350286673312,533.5034523021989,515.6082261993269,333.1834671131573,624.088994278979,277.21759729711016,428.3372858774155,895.102076662173,507.1257728647876,312.0456701421589,94.576029892521,151.90116124764003,232.699529512642,333.3881386993541,416.52267681341937,277.36439206327657,114.6469659340458,1094.6992164837914,860.0357610410009,278.2159102112779,114.22103090862892,456.3698201190384,619.7640076071486,321.52979782474495,1403.6685985839283,187.5096520331656,79.473951527596,139.0357244062313,76.60682723816406,5097.946318368154,1049.13245519004,88.30643410094197,139.67507421610478,303.8547608886411,580.1879454517011,1430.809439323725
588.8112264847956,363.710688341066,209.2425864231623,161.49512244893208,563.7253230869102,221.79324294715968,464.1332557919315,335.5369742199784,227.3014423003871,507.0700581808267,529.126380135502,346.7365135812235,656.1025112607413,279.3240572194452,433.6373968721681,924.2908685261532,490.5698302044394,295.6463867952876,90.99578638270556,146.31065015021386,228.56579731893808,336.8151918016142,411.8389645953535,285.9711645934627,106.60884332728143,971.5237027762006,793.7567164109488,279.06218778399085,111.30157850362558,464.6117506275867,586.8102285583792,325.4764415316356,1436.829920255782,183.48097030499093,76.75867734578354,126.66973315983654,77.38150154402193,4878.77228769794,1092.518712226115,90.4930817164782,129.86691072617464,278.057411547805,581.4730532137665,1324.6482665641745
539.8372031207357,356.50786216280306,207.276366176115,154.36992907384723,597.5164530767432,212.5813666749036,451.71987161450016,319.0004684484672,205.33805542677607,510.5721701645297,538.6565544716883,353.6015721549048,664.735069393107,274.44473465506246,416.29026119316296,904.9026369840002,488.13970992896327,290.08271432402137,85.28631473493184,141.34422715937967,212.4422775372156,340.9165488305123,403.3801355869674,294.57762337229406,107.24121069581416,1062.855966520155,780.5308663823729,276.6471575168265,105.341066350649,470.4457325085325,593.623216738006,353.6671058446496,1407.6693994873192,184.34538110382456,75.17323096271255,107.0597745350548,77.29178217021237,4229.348732103672,1087.6771521031062,79.66509384446046,129.65165417750066,276.7676466738888,548.4589255107986,1318.4021604644656
636.4002266506782,387.1422435129692,227.0611484058564,175.54943543389794,597.9918646818536,254.46922673060223,500.5431694330946,339.46185505772667,234.26627952514843,576.1839004788744,569.7763355068089,378.8563000489093,763.0622319361455,304.86720047766755,471.6472295038232,965.6095036114884,528.433359973191,349.5249307786046,105.33295394373336,178.27861786098595,240.60885827134385,367.3253502214093,467.3527349381475,344.8739261710269,114.57404400291225,1187.993718589743,949.2379613363912,289.2741911816118,126.17888952187332,501.8028449442471,652.1564341337504,370.5630419466387,1424.2266262896862,205.5421534110629,82.75921705181084,133.62012401989918,82.75335538601405,5382.388333037927,1055.2697132012784,96.00363674063914,166.7348896911626,341.4790426664427,550.3080248288803,1548.2807854498058
703.1369355759113,393.9374858840901,231.14610256188487,181.0033874621664,600.8036804293348,255.84535248674845,506.7454259203608,348.0861227921191,242.8581050714464,597.2017111216526,613.8122039962738,409.2312030598919,869.4714425493044,316.99015440799366,475.5725059773897,1010.0534866679818,542.8383056213193,388.18265398782216,106.75441913983023,179.1019077047568,241.23112618286228,394.28041340054494,469.0858638971615,359.15019897035273,121.83994481316682,1226.9769229214523,954.5451149297812,294.4191648527202,126.22712729930684,492.566461545066,636.4185891894226,381.1955979171795,1409.840384678773,225.87059352118573,89.42743853559395,141.45964256700884,83.78857406069423,5441.295143088942,1045.2343382765614,112.97534361750591,183.3833862739201,370.92926210229,529.4366656952965,1887.8543620721125
689.8085485700182,392.94613044129625,230.46178070532733,181.85462678264625,649.6340601555361,249.7088365148672,504.874382631425,343.3794762917065,240.104177941455,601.7065787873337,603.7799194097115,439.03355772821226,885.9663589389269,327.0840259105816,489.6209364501616,979.203937074212,557.5896888149255,360.32639009258907,103.23682610179269,172.17794573657366,247.8005493405804,407.8176103774125,476.9543622068022,346.3887840311896,124.74349628084327,1201.5988592841345,962.0970401188983,284.30675440686593,124.08914819806397,557.6193080035436,649.293792743093,353.34186372261905,1435.0566856630733,227.4668515181863,88.30688549889626,140.2515684874568,81.29476693986739,4979.518188141171,1107.3020309086771,110.21669171981796,188.87476378855283,389.7051393686553,573.8457229680652,1635.2555848483676
720.46803800085,403.4075668393028,234.1638025589612,188.5622278833477,643.4899310727435,262.3861396026642,533.4427857231914,335.7216541596397,245.15809197934692,618.144507113757,635.9285461088576,459.6423999234681,888.6601064813158,339.87261732785964,503.728041509607,977.724336629816,584.3347627174,337.86778803046326,109.22056218297148,181.3417254743954,244.98069809201007,420.09259397856187,490.05139103830857,348.0824383286487,124.64660822447088,1219.9921001733626,980.3538269351787,285.12747123691764,122.8420175140588,544.388585672174,580.2766333256358,360.3176974373554,1394.8991911272042,245.7971689999616,84.92441221808602,136.7399830986899,81.89766829239136,4979.518188141171,1070.193954760581,107.61881718244987,196.82315269009868,387.0001385974705,565.9850740475351,1666.0043164750791
790.8305061988029,432.1349154460509,244.4024788396641,200.0974853513102,622.8026898132687,278.1301770774173,578.1486267124924,355.158415857836,263.5281896074911,642.9196189689386,671.6625717634097,472.5094292010254,919.8480733404484,366.9389617058411,550.7981888979764,1019.7721426893526,606.1249900245186,363.7965929010546,118.1208812984719,188.2415758514825,247.70466989952823,460.1812148511295,531.6726466427845,389.5944320667728,126.43824859715778,1180.722462724762,1036.643498499152,288.7110307309833,128.04947886672295,590.199698914727,592.1328073141685,354.647143950836,1502.6154326819988,274.79751974049054,89.12001657839699,136.22858178832504,91.8695538357581,5750.096619256942,1167.041213036826,93.5836287642926,208.6338650796451,387.63216418396246,529.1756387937891,1626.8618883672711
769.2583986214632,444.7518608598971,234.9830217499178,203.9240833018904,616.4966221580147,288.2682114469496,589.3598401880042,361.0358895749897,265.9983896914315,658.6652742318918,649.6890433412448,496.86726079178624,924.660380013576,376.9394483729995,559.3953339893023,1064.2447497849366,610.0927266384922,378.0796428307115,115.89342146262685,193.7763191941178,258.06165399810845,448.4140010923522,535.6567599115947,391.1810514609568,131.2267739440522,1150.2893387960578,1002.0983847825652,291.5560426233401,133.6486601645811,585.177539874057,600.2647805271863,345.65410463123493,1515.167462501133,243.4324912845229,88.12273043603591,145.46434831432876,90.47031015518868,6020.491759667324,1200.306457643821,92.67519689994676,211.7751070512999,383.649996629102,519.3776830283632,1477.6835489458222
830.8559925832228,439.8142064111246,234.96000532438467,208.83498621399772,611.661076004248,297.2171148729544,611.8333853283624,373.2008111645173,269.9344007090217,669.5669982189586,695.1350383508094,483.3592709820167,914.2793485280164,379.68156317811855,571.2228948637741,1089.964516133425,608.5938603220958,408.10394000222095,121.43839299859911,201.5487811365031,263.7651865071666,473.0887202703189,527.0134354473522,416.3832483146884,126.0459061816963,1146.9801328981664,980.906184372521,281.63640543723653,137.19761594284824,628.058582932902,542.5995799292224,359.3036583768867,1467.0813652628929,230.99594426818228,91.5457041239268,162.82767334611142,91.25106952829604,6182.158279017701,1206.7429822494314,92.95553521345214,235.24271608896552,438.1516256445972,481.0591887310841,1437.7720949133525
889.6335918384033,465.9151399333323,241.5379716099336,210.14014279276927,631.2331402514651,300.63522060478584,630.5023124282442,392.5829532265212,273.442048472421,680.9206126370738,711.6773787537069,501.50342238223,955.6899153979804,390.1597906127122,575.7233554746086,1142.6924456843933,615.916859136207,443.1452966999433,121.32897811013083,196.46189028350668,272.0711136477781,449.439068850654,529.3943319065813,421.4133630941893,131.68250069970182,1109.96444932907,977.3407777084632,279.1018652407768,138.61881569786516,650.33822241903,556.809906689158,378.0075745206639,1522.146888497141,233.7095282230772,87.5515157878236,160.2135469801615,93.24597458178444,6164.644987324014,1266.765602382791,92.30047877377524,230.554599912384,441.0593395457255,476.0548202461408,1565.6210524260216
901.018080852545,476.83644714099233,238.4998455077865,212.0703410525589,543.8959987371381,305.7536197829302,629.8125911884446,405.8335466381588,273.71325378532214,672.0025446979469,717.8661976331207,490.47107964522326,901.7051043884596,408.0319736427131,603.6164356566652,1198.116143290244,598.2583987832331,416.0057176652753,122.19971223218852,192.92883038202743,288.229328306069,441.83185168336297,536.5592855388089,431.10961824356974,138.12148434226347,1088.3482670082713,909.9107894441372,267.96674119417656,135.893634392444,655.6282397834968,553.9618036031612,333.8893417621913,1532.7188769034935,220.0233447203027,86.90200798443016,162.1819065915779,94.90003580772022,6146.812006717181,1328.960008025071,98.39879054570058,235.92036080922207,445.0019550014912,509.5877575199856,1512.855223211848
950.6759774186406,492.9422317944649,246.9357519129288,214.83976794938377,546.3827658936011,309.12583031514947,633.9099085262675,412.65994237524274,278.6226351925567,684.8250624427449,800.0209539998249,514.7157086518582,891.6657093190222,437.9660948660549,599.0387473567035,1247.7375421976478,596.8784232051388,408.4795845042908,124.3635032400841,196.913268008719,290.643576626439,447.049725309925,532.5314999295674,457.1512643297211,139.6503292028575,1179.9363523297675,1019.1751413028852,291.8093990155444,137.58815908034845,685.0951344545114,580.8882312210804,373.4616146497981,1598.9006271592004,231.4509771016021,93.40387796233942,172.00172202581246,100.95979203003984,6521.5184585106,1387.0019465005664,107.94393254400218,250.3794978787268,492.79070267243975,540.4231251289908,1680.0118123229815
1061.954163223883,478.227916404576,258.4355057917093,214.38945887480992,528.5662085934476,301.3734391423185,628.8274721703517,388.5487606723175,267.89157887670484,675.6429228968799,819.7804711335195,502.581255597164,848.5475436303842,412.73111357497135,576.4299974421903,1200.078565369833,570.940291738492,361.9046976812856,122.8132757703811,194.4681637670664,269.6813132828233,433.4257555294853,541.6326869447095,437.3059087279709,138.47095170700203,1242.7420947109538,964.3219097885824,286.29111860772053,133.83666300775926,707.8547707640756,580.1759291804176,372.97809578001954,1671.1461103781485,220.4143888823736,92.83735567573788,165.9415021471841,95.3962177283288,6436.723256236134,1412.6414263577688,96.27483728983144,260.434153709289,486.03458717307086,507.820576784484,1765.6418352386652
1095.214095870954,512.207421162832,250.1090978649458,223.31864679866064,546.0462262973018,315.2631898997183,677.7031795147295,413.4190107574416,274.0670355032361,703.1694582725762,814.4502124040532,506.53484748447767,830.2276984218416,441.0746092253548,609.102302351581,1282.8985518816569,579.3506898763817,329.6850607307419,129.35545019545063,202.2709338465362,273.0359791258475,433.4574590862152,565.2836420549605,437.16331045153856,145.78679095687698,1348.4211098960775,994.3905029601073,293.89654311826496,138.2424140482194,724.2684990074996,592.6822342821049,385.9434858494528,1743.1107092719328,204.5272224036597,99.2606186807022,173.19485495934518,96.87982696085488,6402.774765285165,1451.341423839118,96.07697642863542,263.8243677211303,498.5493706945517,585.7476290758113,1816.9270214830333
1003.6750631543885,521.0918002989945,250.8027788081683,217.28478231307915,527.879601120548,310.4216515985369,662.6579602214773,418.8268350845999,263.389383998791,675.7863110519019,811.9351012852451,532.2413509688668,814.5108282971626,427.0054109127191,588.9271066188413,1239.4816607300093,563.9762024930534,333.9971993014626,124.37298399018158,185.6293993012297,266.7134883441713,425.68356475596687,537.4061023563588,422.9534470334232,146.12379572880306,1346.980525043831,961.1744766861568,287.99945099676336,131.94316875562623,801.9666460792093,573.2452404624664,407.0884110992933,1716.2065018015503,222.8064207239738,95.83305662818016,157.30203035298263,90.36893007332198,6142.562611913551,1444.6876056504784,85.57527106612108,263.42509557039244,466.4968956256358,605.0259732471939,1716.4679851285962
999.4544417171636,535.9777144220294,252.9465020261104,230.76659520285065,506.02488319920985,328.9896452292561,686.8714837192534,446.7798483636829,275.24752517243,703.0223877983144,833.6644191393441,555.3767588421529,857.0145159185436,435.24372233788745,623.5022764524346,1293.7438365373869,561.2131661351427,344.9665646434908,132.11647743906673,195.38860764959668,282.9677359026773,439.4162334958335,533.2892851512859,473.4977587039672,150.99455766036905,1347.9780581264142,1012.5645166293524,297.01052073861206,138.77191653039915,795.9308827179965,567.8192595854557,394.04866763077104,1746.7563090549177,201.0536361244004,96.36508474683886,165.07941337552077,97.80740213684992,6322.74362149559,1472.0668063035644,87.09194953697883,279.2044776280067,447.3967392591281,612.4449230794148,1750.3564295068195
950.2022316535912,512.8095849074189,243.5841126152452,236.1998027617452,498.1939402034251,321.02836890207857,690.8272209906654,417.8745637222526,268.91573780593325,650.7127000369981,834.1513172938517,552.3163147209433,781.0427938635389,390.1960144550485,568.3640066632075,1163.9717592090165,575.051584385555,395.5210479379104,130.56852503255772,195.1010189430365,268.9172592604886,476.1314388274693,535.2359886157041,455.1402405772614,140.20471245081038,1375.316867632421,1029.3152512565368,290.4735337049468,133.71000521927968,835.405931472146,490.4244896195714,416.0646725637267,1911.7011880225389,229.5522197451092,93.86189657119851,162.29011492063458,92.10392342574922,6838.217778995951,1565.0912576360215,93.3150715589811,277.1779823646494,495.963180078956,594.3848610398525,1963.181742521685
473.55224409239736,496.6000184603557,240.38918430113537,237.59214300839668,477.827489584363,306.1096222299613,690.6544711807636,415.07464209467946,249.8609652568872,687.4138032737944,799.1824320132155,537.1989036243423,785.2697840007592,370.2074006551153,521.3582458336615,1176.9782845722063,557.8771701020748,413.29051324532753,124.00479755464148,191.6798960103984,250.03776428490949,497.34910157550416,527.8702399962436,476.58663167862215,142.24765840649812,1448.0023677853187,1082.2495500207788,305.8270769197997,132.4574634426844,890.1975459263324,516.101594029463,415.497530931519,1984.129060170687,237.3158137136724,93.53621295430236,142.72893006981766,87.36843515149184,6691.887532634328,1603.556362455454,91.97709922464465,235.0497564261167,364.6072104271888,560.7819626669087,2065.228866134328
0.001,518.7344421283123,241.44956590345183,240.1696587750496,443.7883020070292,307.0364059477001,734.1780031197208,427.2674340106783,245.0701068350469,770.6420158836673,836.2302474899184,530.2965490931543,792.1375234325699,367.53781458908816,538.7186667845858,1237.8562610573897,563.1766689499678,479.2256736917469,121.4633412691274,191.4241232844956,254.81064782179573,540.2382332247904,535.6717199780468,525.6283600337733,143.7151827285036,1509.370874913107,1077.8957666475924,309.48391612920784,134.82595318240203,985.9047688800168,530.159435727087,411.5345058994125,2133.348329760722,266.18968525843405,100.7765701589544,152.18107267146397,79.84713794776096,6532.585456587298,1796.492600653304,100.47167145687332,228.35523185301355,368.6717295585468,479.3373437773996,2393.6487891904644
0.001,497.38665432187287,232.2346855979013,243.95109983760528,448.9467676988686,303.08459390854955,717.7596402920952,428.6570481112077,237.32036893966165,765.0775990284274,867.2229790990062,504.4169253235982,782.6033550055623,348.3354346202574,525.1270109026434,1263.438138492461,564.3084860623579,436.11900862776,119.18450167035002,196.60204152203644,257.3116037693265,497.0724538479468,522.8360184635977,493.1395389713962,139.39922911196643,1651.3452177360496,1083.6651656325105,317.47856015248226,134.42655953608983,1028.0541003460492,506.2271692304203,399.2365537562364,2272.7016989252584,246.25365952917795,99.68956865534396,129.91286238662755,80.7448721526926,6821.226766261717,1902.0816173052565,112.5415153736697,225.2301748193508,341.10723101956535,487.8886961838454,2257.0327704065285
0.001,488.4929507247375,232.44726527375823,244.3737183463124,447.3264736750534,303.3723602922239,717.0737232242616,408.3029987543506,240.8545596455893,745.2343539496186,804.286064120464,514.7251918372145,784.9004939088801,345.4404620035398,513.682211336643,1195.4878763759566,571.2796138562567,465.48284443143353,121.33770644041064,202.9981074633272,255.377016223169,495.1059671333564,500.5436076124275,513.3694073364318,130.05639783357455,1572.494098730521,1092.5830606183536,305.5461198215252,128.64560560138452,925.71300251698,489.64194572538497,398.39357441215424,2105.873183651443,287.1400831566975,103.25952782716718,132.05800433409516,80.03696762758979,6531.749241686137,1774.3511822753524,103.47462761159674,231.71338618451816,289.8400666266808,442.0610456955649,2520.202408704752
0.001,458.91631043312367,219.3828694202977,228.8311339847214,488.4334522482218,278.5531487667216,658.3343814206936,388.84845473924906,213.53020886139856,671.6032683033944,768.5388131086987,452.5764855066009,666.8397031136166,316.7259615654357,450.75268521031705,1159.8857796282437,592.657147885284,385.5662313973246,106.44406092158825,186.57824414318824,241.6461424471506,442.72930827925046,474.5663717172731,474.5295252298855,122.3476547683749,1461.6238016125435,1025.5888673965546,287.29444278408187,124.25162238464728,845.7989794608795,468.92437077900655,352.6174105626947,2026.4575504082543,238.2475946245544,100.70643332625689,118.0378301664015,68.36807552710209,5771.612414066478,1764.1742258555123,95.24246422368331,201.18249797452447,289.33785979429774,406.2511065393791,1833.994813858062
0.001,514.2562903689119,237.75296889111155,243.38376607474825,453.2314713557847,303.9180152474043,707.977605835511,417.4207406408918,224.0850852476563,733.7273226172044,861.4457265357918,477.7262643718874,723.4327243578335,358.64612638243784,514.5053848849925,1284.5068916074713,585.6318564237583,417.1662915947557,111.87286240861248,188.350319640136,256.47964526459833,455.3893512228166,515.578395461865,486.2572413489426,133.19775904408235,1546.2274634098014,1031.2704134276537,301.6879516250954,127.34422714880851,915.2246254334408,512.9086726589,369.40361278883535,2205.6817699901103,274.45179433660746,108.1171235233249,120.62627550896356,75.09525135143103,6181.190493594623,1869.423367107782,96.45173270776642,209.1680611615723,300.4009606950983,422.81979299127386,1857.7326639125847
0.001,500.78895368596415,234.9294524029588,232.8836607358931,460.6135027786474,288.62105617655664,688.6711671764061,400.1929854439613,212.7504147749985,736.3165631553799,909.4152109881784,478.1421581028772,709.2354729406701,326.718872335346,469.3536860781374,1201.4164678700567,572.9870636901549,450.1100436178534,108.1727858523028,182.93902353164128,254.6726832112076,442.9700423480123,513.4031051070596,468.4036781606572,141.8058140970001,1649.3337196928398,1104.5814314606469,307.5452338859062,119.58244704071096,911.0429021057316,504.8145077285818,384.5272777518164,2278.0565110152056,285.80115661831326,105.77252232814236,106.23267495747702,77.57450265146313,6138.797801179325,1888.4819312022569,120.0054785322693,192.359634461222,302.6493247015619,429.1754020867273,1762.2250756085243
0.001,466.1646551405767,216.155791927512,217.9132068958992,403.9792296008306,270.8698810566352,646.7350817122214,383.684021021901,199.1936973373678,668.4362546627331,873.4373893981686,413.06479976800966,594.9245202026375,301.7228282719409,438.61774134715137,1085.963044063544,525.1357734599148,446.61684293687074,103.8913314719244,171.1116332389189,239.2388843832488,414.31974959696487,498.8508562688951,478.8055575081239,128.04458014300843,1680.9729191541262,1062.6801013741317,284.8963461776346,115.0290271754985,880.1079014714053,457.2552624118207,325.1589752305025,2228.731092694178,262.3478751514784,95.61553490022128,94.36360342789747,68.948191123664,5698.400584590073,1778.6274319504898,118.20288924077582,181.97250347492732,262.5641838430186,427.9078824826507,1595.7877513488618
0.001,498.593156690498,220.6035589922344,229.0186316803396,333.11314550919644,293.91305193290856,682.9270852924724,392.03974465473766,215.89687089523616,697.3338057189447,887.9542540144472,388.465598384061,638.8949011840473,316.5514200184724,464.6581716408099,1180.9345894036185,457.1369406418751,480.8538660703618,114.62757345815382,185.85963422116444,247.09521102939487,422.9953218663663,494.3171748893204,540.3254810120387,138.0081403060751,1671.853745630014,1065.5914944373071,290.69137753708407,123.2557206715494,910.6073323965863,485.2136957353373,351.63415881023235,2169.9768693959227,266.87481670280226,98.30931918008416,108.5059883442822,75.93144871796135,6432.482398145652,1859.4217831483647,144.1461114221815,200.1340862610068,298.9169423989341,432.0645948356385,1709.0705390149783
0.001,504.34011297659526,232.2468089830524,243.4937080894312,414.7441821309588,315.4393297367152,695.2253943333992,405.9251556520737,236.18479578332852,750.8551762504951,896.599659957083,455.7127129148268,704.9428595157102,356.5384436520482,495.1145991932589,1271.3244649901849,546.2563702181066,448.2049162389803,124.94005515432303,195.4057834065162,263.7860251645749,485.5840354721803,528.9159734266992,549.7495819969503,129.11867614949008,1614.523204346082,1131.305663616555,303.67573354403135,129.6420370851772,877.675015680518,529.6527097554122,382.5190007548864,2014.6117925664148,271.82605394411075,102.61720690710402,123.59003923296842,79.00144853193974,6684.601617539188,1866.438077496858,169.53530844560393,226.12559843414084,339.0992417852919,499.2598735581665,1693.1105089825564
0.001,457.7700871252874,224.66177726701684,233.9886592913072,420.9437250769624,303.8062642166348,637.7036268633053,388.8710488666641,227.7606592508648,709.7519128233719,817.6505191581717,415.6635468664175,645.0478629793992,335.1381128342111,475.6467864754841,1311.8653417459857,569.8344152412216,419.5958629949725,120.50551117112516,193.0338029476085,255.43527332842416,450.0413904354344,505.7820051274017,494.3376861866815,117.98646725132664,1487.9378793451724,1132.547793905759,298.1967881504531,129.4038781897222,795.6499536967341,522.6045983090598,361.4124180165948,1732.9811206981385,255.70296361293325,102.88831740166664,127.97618279216007,76.87727787922275,6754.863487483422,1726.4767235605275,176.70669251569447,218.93166112099968,328.5653568996135,504.784915107664,1753.5834683035805
0.001,479.3046909127447,234.4924836278313,244.90857380430705,462.3882731321996,332.1302441326985,683.136042471113,405.5011047987098,251.5872696900504,772.0865822372288,779.4610256752744,460.2310949685616,712.3567192550663,377.7116233401374,502.08536908633,1310.5382690931813,581.2437299527134,440.9354114281204,133.93244137209956,210.9719408868648,255.31563336076016,462.9610170398943,534.21694991933,568.4409737211275,120.97230745199,1509.8305341476694,1154.72787529147,301.40044947500394,132.59026044904252,751.8394725485696,554.3150872424253,374.4423152921379,1737.1373132423223,277.491870332598,101.087944236189,133.9816696145555,85.45525065286391,7455.511180223716,1701.727535053377,159.44764729161673,235.5905035082748,348.4163428817852,482.70795028344463,1793.6718492096754
0.001,478.8904924651687,230.9235871312288,251.4326982346872,424.4003885273666,339.7511078722213,669.0252993254053,401.1790868378927,252.7713766294692,738.7286134146842,761.7675306838713,465.9887562545413,678.4855327110762,374.5745359092567,525.4390793414038,1377.390528996678,553.0406216886694,409.978305711778,137.9792430762219,221.8270914958499,255.9075136023707,435.9395484181854,518.8710443435874,580.999291999112,118.41706558077269,1531.320342112727,1073.3252057702894,286.2977349288389,135.1217139127908,781.0413533492749,550.0957178486466,363.73109177422833,1748.1959620878347,272.6151592224892,100.4050138832866,131.19210565570572,89.1700696967312,8323.396710903926,1724.3968828735046,172.69526793021686,250.0095665118276,355.5713937185542,521.0428956427818,1537.2275219700257
0.001,483.8298078846565,234.3444108928748,243.89756348027475,432.97176904256594,342.07275234767707,653.4518721596734,407.6732053666461,256.59212282282925,716.6625777478215,752.192675481546,468.5562997589471,694.324742953683,384.0122854384201,511.7897466378511,1448.1849190888634,546.363401524236,399.0951656946006,135.7323362794923,219.32253591809013,250.0790821846288,439.5173960192563,531.8479962754977,584.3485429658658,116.86690666319596,1548.9798191456778,1093.5012752587995,282.39030416765627,135.08057026122057,722.6550415975578,554.5626680455672,363.67413274405976,1690.79832774623,264.3465015286861,104.53722257151948,124.46529443074984,91.69872680996636,7680.39487052821,1632.4827891612308,157.23931055714894,220.57841361967328,332.02285407584554,477.9182440753275,1490.3627658045743
0.001,482.0471669574744,231.4631585666796,252.7768781303863,404.1150724136622,352.2926638339276,662.192718634939,426.136687098448,261.1447386317405,706.7016563066701,771.0757403092593,441.51991030501614,676.9581302700171,372.8929010934161,524.3232153276856,1483.0640000534004,540.7664426849803,406.0967778951419,139.56829445811866,221.9478136031695,246.62975885534124,436.4146366079078,519.8258084332888,589.74371402072,112.84965064557268,1624.2641539308722,1039.7400970592746,274.31526310304747,134.65615688827626,778.5550556248287,548.9007438540347,362.037524042868,1630.421674945664,254.63137253054464,107.0797565820568,139.0145146858856,92.8260688990824,7833.375723606937,1650.1092590776366,146.78412009300902,229.0202274200975,359.0459936058712,493.43157109049497,1546.166275803
0.001,502.1634660156754,244.151133674659,244.57053351695376,383.19586917305526,337.5843886848978,648.2118947064664,421.2029661551216,255.2673789032406,696.9123474207428,821.7383272579508,490.77736923037264,734.6779528452905,389.3859599800968,496.9803080989536,1472.1062678918468,511.25512830052674,423.2652296742313,134.78208524320598,216.8036101795088,232.78091513731505,388.7732782738626,503.2371020804629,595.0777277037433,112.23066337394243,1627.2924150213278,1043.9807763437632,268.8396776769974,124.41483078781428,763.2402098858398,521.2768860540473,358.83325345351665,1694.9961649609172,254.9949203748737,100.14700116837088,138.26971838717537,92.09045498465412,8816.327453405169,1590.6591565257372,149.609127600659,216.827301690237,384.0443840509399,509.3339371695828,1494.4492737983744
0.001,523.2324424468654,248.3489121640631,248.20194045757816,389.3068808952181,351.6422341346415,674.7148721376798,422.3047117191607,262.6662585399837,715.6029194899164,840.6925338131456,487.6843702732358,722.0801358389625,398.2354944602208,503.6393801695417,1465.9985775112823,516.6161921440406,479.5897750596416,146.2634495105607,230.57834054917612,228.8988204030168,416.1542269049573,500.15427831406726,614.437576258493,111.77882959578736,1585.5088208949298,999.5968918384322,257.67724181560897,126.2834061843315,761.3996099131255,519.0807293080879,357.4761198776248,1643.2979694278729,269.5501146905576,102.98862432845412,154.3062812071786,95.22078562313078,9472.193318450123,1610.7407617488752,139.87893131001562,229.2166220262125,412.5218182950192,494.5670011813158,1658.1727292165356
0.001,535.4255266255835,253.16576548125576,254.0503126866224,426.6741093729671,355.5396015266974,689.2693529880677,432.916774756396,267.8692712535085,736.4072022479849,856.7378737851736,486.3438386342151,760.9464587157406,404.9005958417439,506.01797252302686,1461.8051301788253,525.7072533852905,497.7855747719558,153.77019083920416,232.96155778834623,226.49275644223712,463.848765520171,541.0876074478582,636.0501553376365,119.53637705442266,1590.270750244525,1068.7516573585108,279.828771719188,134.4964162975685,786.6443781429349,525.9823035224057,364.7119017374713,1772.8692221698238,282.0801430038246,101.77601781302003,165.8612442563852,101.02560065488863,9901.28042630959,1649.0909179476405,165.0641593159183,238.5312628892985,418.9815701306893,481.1544564040488,1866.018924483776
